"";"year";"universidad";"titulo"
"1";2010;"UNIV.AUSTRAL DE CHILE";"Periodismo intercultural: construcción de la noticia a través de un análisis crítico y complejo del discurso en la prensa diaria de cobertura nacional de Chile y Perú. El caso de 'El mercurio' y 'La cuarta' y 'El comercio' y 'Aja'"
"2";2010;"PONT. UNIV. CATOLICA DE CHILE";"Elaboración de un modelo explicativo de las gradientes de complejidad de generación de valor social y económico entre OSFL y organizaciones donantes"
"3";2010;"PONT. UNIV. CATOLICA DE CHILE";"El ciclo cinematográfico de la televisión chilena (1965-1980): estéticas e imaginarios de la reiteración y el desfase"
"4";2010;"UNIV.DEL BIO-BIO";"Trabajo femenino y vida familiar en el contexto de la modernización rural. Realidades y representaciones en la provincia de ñuble"
"5";2010;"UNIV.DIEGO PORTALES";"La desigualdad cultural y sus determinantes. Un estudio sobre el gusto y la participación cultural en Chile"
"6";2010;"UNIV.CATOLICA CARDENAL SILVA HENRIQUEZ";"Vinculaciones entre la construcción y deconstrucción de la confianza y la cohesión social, en jóvenes estudiantes de educación secundaria: lineamientos para fortalecer la democracia"
"7";2010;"UNIV.ALBERTO HURTADO";"Trayectorias laborales de los inmigrantes peruanos en Chile: estrategias de estructuración de la movilidad ocupacional ascendente"
"8";2010;"UNIV.DIEGO PORTALES";"La infancia en la perspectiva de los niños y niñas. Un estudio discursivo en estrato socioeconómico medio de Santiago de Chile"
"9";2010;"UNIV.DIEGO PORTALES";"Las elites políticas en Chile: sociología del personal gubernamental, parlamentario y partidario (1990-2010)"
"10";2010;"UNIV.DE CONCEPCION";"Chile hoy: vivencias de alteridades e imaginarios sociales de víctimas de violencia simbólica"
"11";2011;"UNIV.DE SANTIAGO DE CHILE";"Modelos profesionales de periodismo en Chile: roles institucionales, orientaciones epistemológicas y factores condicionantes de la prensa nacional durante el periodo 1990-2011"
"12";2011;"UNIV.DE CHILE";"Vida cotidiana de niñas y niños hijos de inmigrantes peruanos en los espacios sociales escolares: capitales, tácticas y estrategias para la integración en Chile"
"13";2011;"PONT. UNIV. CATOLICA DE CHILE";"Wip/bit Chile 3.0: incidencia de las tics en la confianza entre personas y organizaciones"
"14";2011;"PONT. UNIV. CATOLICA DE CHILE";"Estudio de la homogeneidad inter medios e intra medios a la luz de las posturas editoriales y de las fuentes informativas en cinco diarios chilenos, en el marco de la concentración de la propiedad de los medios"
"15";2011;"PONT. UNIV. CATOLICA DE CHILE";"Recursos melodramáticos en el periodismo televisivo: un análisis de su presencia en los contenidos y en la producción de los noticiarios chilenos y de sus efectos en la valoración, comprensión y retención de información por parte del público"
"16";2011;"PONT. UNIV. CATOLICA DE CHILE";"La personalización de las campañas presidenciales en la prensa chilena: 1970 - 2009"
"17";2011;"PONT. UNIV. CATOLICA DE CHILE";"Elaboración de un modelo de acción periodística profesional para televisión en periodos de catástrofe, a partir del análisis de la cobertura hecha por la canales nacionales para el terremoto del 27 de febrero de 2010"
"18";2011;"UNIV.ALBERTO HURTADO";"Los tiempos del individuo. Investigación sobre las estructuras temporales en que se apoyan las estrategias de individualización en Chile"
"19";2011;"UNIV.ALBERTO HURTADO";"La construcción del espacio y del lugar en contextos de migración trasnacional. Espacios públicos y privados de la migración peruana en Chile"
"20";2011;"PONT. UNIV. CATOLICA DE CHILE";"Observando intervenciones sociales con personas: el caso de las alianzas de colaboración entre organizaciones sin fines de lucro y organizaciones estatales"
"21";2011;"PONT. UNIV. CATOLICA DE CHILE";"Instituciones formales y redes informales en políticas públicas. Interferencias procesuales y normativas en políticas de pobreza, obras públicas y medioambiente en Chile"
"22";2011;"UNIV.ADOLFO IBANEZ";"Colisión y armonización de regímenes regulatorios en contextos sociales globales"
"23";2011;"PONT. UNIV. CATOLICA DE CHILE";"Resiliencia y desarrollo local: de cara al desastre natural"
"24";2011;"UNIV.ALBERTO HURTADO";"Expectativas, proyectos educativo-laborales y trayectorias post-egreso de jóvenes estudiantes secundarios: un estudio en la región metropolitana"
"25";2011;"UNIV.ACADEMIA DE HUMANISMO CRISTIANO";"Hombres en Chile. Conciliación, corresponsabilidad y uso del tiempo: tensiones y conflictos entre familia y trabajo"
"26";2011;"UNIV.ACADEMIA DE HUMANISMO CRISTIANO";"La autoridad y la democratización del lazo social en Chile"
"27";2011;"UNIV.DE CHILE";"Repertorios de acción sindical bajo condiciones de subcontrato en los sectores cuprífero, forestal y portuario"
"28";2012;"FUND CENT TRANSDISCIPLINARIO DE ESTUDIOS";"Desarrollo de un modelo conceptual del sistema complejo sociedad-naturaleza aplicable a zonas rurales: la cuenca del río Cruces"
"29";2012;"UNIV.DIEGO PORTALES";"La infancia en la perspectiva de los niños y niñas-segunda parte. Un estudio discursivo en diferentes estratos socioeconómicos de Santiago de Chile"
"30";2012;"UNIV.CATOLICA DEL NORTE";"Cultura minera y masculinidad: la sub representación de las mujeres en la minería chilena, un obstáculo para el desarrollo sustentable"
"31";2012;"UNIV.DE CHILE";"Navegación por internet: percepción y cognición en población adulta del gran Santiago"
"32";2012;"PONT. UNIV. CATOLICA DE CHILE";"Cultural differences in greetings we need to be aware of between Chile and Korea"
"33";2012;"UNIV.DE CHILE";"Características de la recepción del product placement dirigido a niños y jóvenes: analizando el caso de la promoción de alimentos y bebidas no saludables"
"34";2012;"UNIV.DE SANTIAGO DE CHILE";"Los museos y su público. Evaluación y análisis de la comunicación y gestión de las audiencias museísticas en Chile (2012-2014)"
"35";2012;"PONT. UNIV. CATOLICA DE CHILE";"Eventos estresantes que ocurren al envejecer: como las relaciones familiares y los recursos sociales moderan el impacto en el bienestar de los mayores"
"36";2012;"UNIV.ALBERTO HURTADO";"Judaísmo, islam e hinduismo: conflicto y diálogo en argentina y Chile 2001-2011"
"37";2012;"CENTRO DE ESTUD.PARA EL DESARR.DE LA MUJ";"Cambios en las identidades y relaciones de género en el ámbito rural de Chile central 1940-2010"
"38";2012;"UNIV.DIEGO PORTALES";"Parar la indiferencia: observación del valor compartido en las relaciones de colaboración que establecen empresas con y sin fines de lucro en Chile"
"39";2012;"UNIV.DE LA FRONTERA";"Las dimensiones sociales (confianza y comunicación) de los riesgos ecológicos en conflictos socioambientales por energía en Chile: los casos de Castilla e HidroAysén"
"40";2012;"INST.FILOSOFIA Y CS. DE LA COMPLEJIDAD";"Estudio de los efectos de la estructuración geográfica sobre la competencia en educación escolar mediante el uso de sistemas de información geográfica y modelamiento basado en agentes"
"41";2012;"PONT. UNIV. CATOLICA DE CHILE";"Socialización política y experiencia escolar: Chile en contexto internacional"
"42";2012;"UNIV.DE SANTIAGO DE CHILE";"Patrones sociales de consumo de energía: la relevancia de los actores estratégicos en el desafío del desarrollo sustentable en Chile"
"43";2012;"UNIV.DE LOS LAGOS";"Percepciones, prácticas y representaciones ciudadanas como condiciones de la gobernanza territorial en Chile"
"44";2012;"UNIV.DE LA FRONTERA";"Modernización, globalización y riesgo ambiental: identificación de los procesos de adquisición y perdida de la agrobiodiversidad y su relación con el origen étnico de los agricultores. El caso de la Araucanía"
"45";2012;"UNIV.DE SANTIAGO DE CHILE";"Incidencia de las redes políticas en los procesos de toma de decisión para la asignación de recursos de desarrollo regional. Los consejos regionales en Chile 2010-2014"
"46";2012;"UNIV.DE LOS LAGOS";"El impacto de internet en el capital social de comunas aisladas"
"47";2012;"UNIV.DE LA FRONTERA";"Medios de comunicación y poder: discursos de la prensa y de sujetos adultos de la región de la Araucanía sobre justicia/injusticia en torno al conflicto estado-nación y pueblo mapuche"
"48";2012;"CORP. EDUCACION Y DES. SOCIAL";"Transiciones a la vida adulta: generaciones y cambio social en Chile"
"49";2012;"UNIV.DIEGO PORTALES";"Liderazgo para el mejoramiento educativo: gestión del cambio para el logro de las metas de aprendizaje de los PME-SEP"
"50";2012;"UNIV.DE LA SERENA";"Innovación, fe y proyectos de sociedad: intelectuales evangélicos chilenos como meta minoría activa"
"51";2012;"PONT. UNIV. CATOLICA DE CHILE";"Trayectorias delictuales y uso de drogas en infractores adolescentes"
"52";2012;"PONT. UNIV. CATOLICA DE VALPARAISO";"La ética de lo público como referencial identitario. Managerialismo e identidad laboral en profesionales del ámbito de la implementación de políticas sociales, salud primaria y educación municipalizada en Chile"
"53";2012;"UNIV.ALBERTO HURTADO";"Datos y relatos científico-sociales que dan forma a la realidad social de Chile: estudio de los entrelazamientos constructivos y performativos de la ciencia social"
"54";2013;"UNIV.DIEGO PORTALES";"Capital cultural y territorio en Chile. La estructuración territorial del espacio social más allá de los capitales"
"55";2013;"UNIV.ALBERTO HURTADO";"El desecho de Chile: un análisis sociotécnico de prácticas y políticas respecto del manejo de relaves mineros en las últimas dos décadas"
"56";2013;"UNIV.DE CHILE";"Inmigrantes ""negros"" en Chile: practicas cotidianas de racializacion/sexualización"
"57";2013;"UNIV.DE CHILE";"Justicia social y tolerancia a la desigualdad: análisis subjetivo de la diferenciación social en un régimen neoliberal maduro"
"58";2013;"UNIV.METROPOLITANA DE CS.DE LA EDUCACION";"Uso de la web, competencias, motivación y actitud de los estudiantes de pedagogía del área de humanidades respecto de las tic y la cultura digital"
"59";2013;"UNIV.DE CHILE";"¿cuánto conocimiento transfiere el sector offshore y cadenas anexas al desarrollo de la región metropolitana?"
"60";2013;"UNIV.DE LA FRONTERA";"Violencia de género y sus representaciones sociales en el territorio wenteche de la región de la Araucanía"
"61";2013;"UNIV.DE VALPARAISO";"Estudio socio-económico de grupos de investigación avanzada y sus redes de colaboración con la industria en las áreas de ingeniería de software y biotecnología"
"62";2013;"UNIV.ALBERTO HURTADO";"Migrantes latinoamericanos en Chile: precariedad laboral e informalidad en enclaves étnicos, agricultura y construcción"
"63";2013;"UNIV.DE CONCEPCION";"Construcción imaginario social de la desconfianza y su relación con el descontento en el Chile actual"
"64";2013;"UNIV.ANDRES BELLO";"Nuevas formas de pensar en la estratificación social: la intersección clase/género en el mercado laboral chileno"
"65";2013;"UNIV.DE LOS LAGOS";"Juicios sobre las desigualdades en las clases medias: para una sociología de la crítica en Chile"
"66";2013;"PONT. UNIV. CATOLICA DE CHILE";"Los vínculos de pareja en el Chile de hoy: amor, sexualidad e intimidad"
"67";2013;"UNIV.ANDRES BELLO";"Towards a comprehensive appraisal of risks from natural hazards in Chile"
"68";2013;"CENTRO DE ESTUDIOS DE LA MUJER SOC.LTDA";"Interrelaciones entre discursos, normas y practicas sociales en la reproducción y cambio de las desigualdades de género"
"69";2013;"UNIV.DE SANTIAGO DE CHILE";"La globalización y su acción formativa sobre el ethos de la modernidad. Explicación e interpretación a través de los tonos emocionales y transiciones ontológicas emergentes"
"70";2013;"UNIV.ANDRES BELLO";"Identificación de elementos críticos que influyen en el factor impacto de las revistas chilenas de corriente principal"
"71";2013;"UNIV.AUSTRAL DE CHILE";"Análisis crítico y complejo del discurso periodístico verbo visual de la representación intercultural limítrofe/liminal en la prensa boliviana, chilena y peruana sobre el diferendo marítimo internacional de la haya"
"72";2013;"UNIV.DE CHILE";"Los repertorios de acción sindical frente a las transformaciones del mundo del trabajo en Chile (1990-2014). Estudio en las 15 regiones del país"
"73";2013;"UNIV.AUSTRAL DE CHILE";"Comunicación publica de la ciencia y modernización reflexiva: estudio de los fenómenos de reflexividad y ambivalencia en las actitudes publicas hacia la ciencia en Chile en el marco de conflictos y problemas ambientales"
"74";2013;"PONT. UNIV. CATOLICA DE CHILE";"El desafío de la televisión y el cambio de las audiencias para el teatro y el cine. Un caso de estudio: la escuela de las artes de la comunicación UC, 1968-1978. La interdisciplina como antecedente de la intermedialidad"
"75";2013;"PONT. UNIV. CATOLICA DE CHILE";"Juicio profesional y toma de decisiones sobre familias con necesidades complejas"
"76";2013;"UNIV.DE CONCEPCION";"Acción colectiva y políticas públicas en perspectiva: lecciones a partir del movimiento educacional chileno"
"77";2013;"UNIV.DE LOS LAGOS";"Sistemas de gobierno de las universidades iberoamericanas: un análisis desde la teoría de agencia"
"78";2013;"UNIV.ALBERTO HURTADO";"Imaginarios del género, representaciones del cuerpo y mercados del sexo en Chile (siglo XX)"
"79";2014;"UNIV.DE TARAPACA";"Comunidades epistémicas internacionales: formación de redes científicas chileno-alemanas 1950-2010"
"80";2014;"UNIV.DE SANTIAGO DE CHILE";"El trabajo de los individuos y la constitución de sujetos en la sociedad chilena: ideales normativos, experiencias sociales y anclajes existenciales"
"81";2014;"UNIV.DIEGO PORTALES";"Inclusión digital en Chile: determinantes de adopción y uso de tics en localidades aisladas"
"82";2014;"UNIV.DIEGO PORTALES";"Culturas de evaluación y cualificación en el mundo económico. Un análisis exploratorio de las prácticas y dispositivos de producción de conocimiento sobre el consumidor"
"83";2014;"UNIV.DIEGO PORTALES";"Demandas por cambios constitucionales y sociedad mundial"
"84";2014;"UNIV.DIEGO PORTALES";"When does retirement maximize health outcomes and behaviors?"
"85";2014;"UNIV.DIEGO PORTALES";"Clase media alta en Chile hoy: sobre las viejas y nuevas barreras, prácticas y costos de la reproducción de la posición de clase"
"86";2014;"UNIV.ANDRES BELLO";"Las formas y las disputas de la memoria. Un análisis sociológico sobre la controversia en torno al museo de la memoria y los derechos humanos"
"87";2014;"UNIV.DEL BIO-BIO";"Reconfiguraciones socioespaciales, estructurales y simbólicas de la población, los modos de vida, el trabajo y la familia en el marco de las nuevas relaciones rural/urbanas. Perspectivas y aportes desde la región del Bio-bio"
"88";2014;"UNIV.ALBERTO HURTADO";"Modelos de trayectorias y desenlace educativo-laboral de jóvenes; un estudio longitudinal en la región metropolitana"
"89";2014;"UNIV.ALBERTO HURTADO";"La construcción de identidades laborales en escenarios de trabajo heterogéneos: estudio en el sector publico"
"90";2014;"UNIV.CENTRAL DE CHILE";"Estado chileno e inmigrantes latinoamericanos frente a frente, reconocimiento, respeto y expectativas de incorporación"
"91";2014;"UNIV.DE CHILE";"El mundo de las músicas inmigrantes latinoamericanas en Chile: identidades, sociabilidades y mestizajes culturales"
"92";2014;"UNIV.DE CHILE";"Experiencias posicionales: subjetividades en la transformación social de Chile"
"93";2014;"UNIV.DE CHILE";"Convergencia mediático tecnológica y vida cotidiana: transformaciones socioculturales del Chile contemporáneo"
"94";2014;"PONT. UNIV. CATOLICA DE CHILE";"Marcos de sentido y representaciones de la publicidad del retail chileno: 1980-2013, continuidades y cambios"
"95";2014;"UNIV.ALBERTO HURTADO";"La transformación de las elites en una sociedad emergente. Distinción, tolerancia y transnacionalización de las elites empresariales chilenas"
"96";2014;"UNIV.DE LA FRONTERA";"Nuevas prácticas sociales de relación con los humedales de valdivia: un enfoque posthumanista para trazar los efectos locales del desastre ecológico del rio cruces"
"97";2014;"UNIV.TECNOLOGICA DE CHILE INACAP";"Cumplir la promesa de la solidaridad: un análisis de la producción y uso de la evidencia en los procesos de diseño, ejecución y evaluación de las prácticas de intervención social con población en situación de vulnerabilidad en Chile"
"98";2014;"PONT. UNIV. CATOLICA DE CHILE";"Nueva geografía de la urbanización y vulnerabilidad socio-territorial. ¿hacia la configuración de una región urbana en Santiago de Chile?"
"99";2014;"UNIV.DE LA FRONTERA";"Resiliencia socio ecológica de sistemas agrícolas tradicionales y modernos: identificación de modos de organización, técnicas y prácticas culturales para enfrentar el cambio climático y la escasez hídrica en la Araucanía"
"100";2014;"UNIV.DE LA FRONTERA";"El imaginario social estado-nación y la iglesia católica en la crítica literaria periodística publicada en el diario El Mercurio por Omer Emeth, Alone e Ignacio Valente, durante el siglo XX"
"101";2014;"UNIV.ARTURO PRAT";"Dinámicas identitarias en el norte grande de Chile: nación, región y religiosidad popular"
"102";2015;"UNIV.CATOLICA DEL NORTE";"Género, trabajo y minería: proyección laboral de las mujeres en la minería chilena y su relación con los centros de educación superior y sindicatos mineros"
"103";2015;"UNIV.ALBERTO HURTADO";"Antisemitismo e islamofobia como formas de intolerancia religiosa y cultural en las primeras décadas del siglo XXI. Los casos de Argentina y Chile"
"104";2015;"PONT. UNIV. CATOLICA DE VALPARAISO";"Roles profesionales y su materialización en el contenido noticioso del periodismo chileno: un estudio comparado de la televisión, prensa online, prensa escrita, radio y redes sociales"
"105";2015;"PONT. UNIV. CATOLICA DE CHILE";"Tendencias en la cobertura periodística de política y gobierno: análisis de la homogeneidad/diversidad en los encuadres de la información aportada por las fuentes de noticias en la prensa chilena"
"106";2015;"UNIV.AUTONOMA DE CHILE";"Trabajo y familia: hacia un modelo para el establecimiento de una agenda nacional de equilibrio y co-responsabilidad en materia laboral y familiar en Chile"
"107";2015;"PONT. UNIV. CATOLICA DE CHILE";"Puntos ciegos y tensiones sobre la función periodística en noticias de emergencia: análisis comparado de percepciones y expectativas de expertos/responsables en gestión de emergencias, periodistas y audiencia sobre el trabajo periodístico en desastre"
"108";2015;"PONT. UNIV. CATOLICA DE CHILE";"Vidas tóxicas: contaminación atmosférica y regímenes de existencia en Puchuncaví"
"109";2015;"PONT. UNIV. CATOLICA DE CHILE";"El todo, la parte y la contraparte: incidencia de la ejemplificación como estrategia argumental de lo particular en la cobertura periodística chilena"
"110";2015;"UNIV.DIEGO PORTALES";"Confianza relacional en escuelas públicas y privadas subvencionadas. Un estudio en escuelas básicas de la región de Valparaíso"
"111";2015;"UNIV.AUSTRAL DE CHILE";"Redes sociales y medios de comunicación: modelo de análisis de basado en minería de datos para la comprensión del ecosistema informativo chileno en internet y la educomunicación ciudadana en la red"
"112";2015;"UNIV.DIEGO PORTALES";"Convertirse en padre hoy: experiencias masculinas de transición a la paternidad en Chile"
"113";2015;"UNIV.DE CHILE";"La representación de la historia reciente de Chile en las series de ficción nacionales de máxima audiencia y su recepción en el público juvenil"
"114";2015;"UNIV.DE LA FRONTERA";"La construcción social del riesgo: hacia una configuración diferenciada de los riesgos y peligros en el Chile del siglo XXI"
"115";2015;"UNIV.DE SANTIAGO DE CHILE";"Multiplicidad de actores, conocimiento y gobernanza en la transición energética: casos comparados en Chile y Argentina"
"116";2015;"CENTRO DE ESTUD.PARA EL DESARR.DE LA MUJ";"Trayectoria e incidencia de la organización social y acción colectiva de las mujeres rurales en Chile"
"117";2015;"UNIV.DE LA FRONTERA";"La construcción del imaginario social de la justicia en los relatos periodísticos publicados por el diario el mercurio de Chile, entre 1850 y 2014, en el contexto del conflicto estado-nación y pueblo mapuche: continuidades y cambios"
"118";2015;"UNIV.ALBERTO HURTADO";"Movimientos regionalistas y transformaciones políticas en Chile 2011-2016: entre la cooptación y el poder autónomo"
"119";2015;"UNIV.DIEGO PORTALES";"Los dos carismas. La construcción social retrospectiva del carisma individual y la desacralización del carisma institucional en Chile (1970-2014)"
"120";2015;"UNIV.DE LOS LAGOS";"Desigualdades sociales en Chile: ¿qué influye en lo considerado justo o injusto?"
"121";2015;"UNIV.ARTURO PRAT";"La regionalización transfronteriza en el norte de Chile: una gestión para el desarrollo"
"122";2015;"UNIV.DE CHILE";"El conflicto sindical chileno: las modalidades que asume y el sentido que le imputan los actores"
"123";2015;"UNIV.DE CHILE";"Exploring human-wildlife relationships in Chile: a multi-stakeholder perspective to wildlife conservation management"
"124";2015;"UNIV.DE VALPARAISO";"Consagración cultural, espectáculo y mujer en América Latina: Carmen Miranda, Yma Súmac y Eva Perón"
"125";2015;"PONT. UNIV. CATOLICA DE VALPARAISO";"Vidas académicas, instituciones en disputa: la organización del trabajo y la subjetividad académica en un contexto de transformación"
"126";2015;"UNIV.DE LOS LAGOS";"Lo que los conflictos producen: configuraciones y dinámicas de la conflictividad socio territorial en Chile y sus consecuencias sobre las políticas públicas y los territorios"
"127";2015;"UNIV.ANDRES BELLO";"Explicando el cambio partidario desde una sociología institucional y del entorno: el caso de estudio de las derechas chilenas"
"128";2016;"UNIV.DE CHILE";"Imágenes de la memoria: lecturas generacionales de series de ficción televisiva sobre el pasado reciente de Chile"
"129";2016;"UNIV.DE CONCEPCION";"Cartografías de economías heterogéneas: estudio de casos en las regiones del Biobío y Valparaíso"
"130";2016;"UNIV.DE CHILE";"Persuasión no argumentativa aplicada a promoción de salud: análisis de la dimensión ética y evaluación de su eficacia"
"131";2016;"PONT. UNIV. CATOLICA DE CHILE";"Dinámicas de la participación en la protesta: un estudio comparado de Chile y Argentina"
"132";2016;"UNIV.DE CHILE";"Representaciones discursivas sobre derechos y deberes profesionales, institucionales y rol del estado, relacionadas con la objeción de conciencia sanitaria y despenalización de la interrupción voluntaria del embarazo, por tres causales en Chile"
"133";2016;"UNIV.CENTRAL DE CHILE";"La formación del guionista en Chile: análisis de los enfoques curriculares y modelos de evaluación de la escritura para cine, televisión y transmedia"
"134";2016;"UNIV.DIEGO PORTALES";"La relación entre padres e hijos(as) en la perspectiva de niños(as) y adultos. Un estudio discursivo en Santiago, Chile"
"135";2016;"UNIV.DE CHILE";"Planes sociales de empleo y protección social para la (des)igualdad: los casos de Brasil, Chile y Venezuela"
"136";2016;"UNIV.AUSTRAL DE CHILE";"La vida social de la energía: trayectorias territoriales de la energía en tres regiones del sur-austral de Chile"
"137";2016;"UNIV.DE TARAPACA";"Social relations and interactions among the children of immigrants and the children of chileans in schools in Arica: construction of a habitus in everyday school life"
"138";2016;"UNIV.DE CHILE";"Economía moral de la meritocracia y preferencias redistributivas"
"139";2016;"PONT. UNIV. CATOLICA DE CHILE";"Intermedialidad, utopía y anticipación tecnológica en el imaginario chileno republicano (1870-1978)"
"140";2016;"UNIV.DE CHILE";"¿""Malas prácticas"" o ""aceitar la máquina""? Las instituciones informales en tiempos de cambios políticos y su impacto en la democracia chilena (2016-2019)"
"141";2016;"UNIV.DE CHILE";"La construcción visual de la juventud en Chile. Canon de representación, intermedialidad y sensorium a partir de las imágenes visuales de publicaciones periódicas y archivos fotográficos (1910-1973)"
"142";2016;"UNIV.DE LA FRONTERA";"La construcción socioimaginaria del estado y la democracia en el discurso de las memorias personales de actores políticos, militares y religiosos de la esfera pública chilena, escritas en el contexto de la dictadura y publicadas entre 1987 y 2011"
"143";2016;"UNIV.CATOLICA DE TEMUCO";"Cartografía de la(s) precariedad(es) laboral(es) y las relaciones laborales de la zona centro sur. Tipología del trabajo precario y su incidencia en la práctica sindical en las regiones del Maule, Biobío y la Araucanía"
"144";2016;"UNIV.DE TARAPACA";"Formas de gobierno y modelos de valoración del desempeño universitario en Iberoamérica: un estudio bajo un enfoque organizacional multi-teórico"
"145";2016;"UNIV.DE CHILE";"Hacia una sociología de la cultura popular ausente. Corporalidad, representación y mediatización de 'lo popular reprimido' y 'lo popular no representado' en Santiago de Chile (1810-1925)"
"146";2016;"UNIV.ANDRES BELLO";"Antecedent social factors of moral behaviour: expectations, decisions and justificatory principles in social dilemmas"
"147";2017;"UNIV.DE VALPARAISO";"Análisis, validación y evaluación de un modelo de colaboración familia-escuela para la promoción del involucramiento familiar y el desarrollo integral de la niñez. Desde la literatura científica internacional a la generación de evidencia en Chile"
"148";2017;"UNIV.ALBERTO HURTADO";"Entierrando el antropoceno: ensamblando nuevos ecosistemas desde suelos degradados en la región de Atacama"
"149";2017;"PONT. UNIV. CATOLICA DE CHILE";"Transcurso y metamorfosis de la cobertura informativa de desastres: alteraciones y modificaciones de los objetivos informativos en las distintas fases y tipos de desastres"
"150";2017;"UNIV.DIEGO PORTALES";"Inclusión digital móvil: oportunidades y desafíos del acceso y uso de internet a través del teléfono en Chile"
"151";2017;"UNIV.AUTONOMA DE CHILE";"Las elites académicas universitarias en Chile. Un estudio sobre los perfiles, vivencias y percepciones sobre el éxito del alumnado y el rol de las instituciones universitarias de élite en los procesos de reproducción y movilidad social"
"152";2017;"UNIV.DE CHILE";"Acción pública y diversidad sexual en Chile: construcciones sociales en democracia (1990-2016)"
"153";2017;"UNIV.ALBERTO HURTADO";"La gubernamentalidad del sistema educacional chileno y su dispositivo evaluador: redes de producción, decisiones controversiales y efectos performativos (1968-2019)"
"154";2017;"UNIV.CENTRAL DE CHILE";"Condiciones institucionales y consecuencias subjetivas de la producción del estatus legal precario en los migrantes en Chile"
"155";2017;"UNIV.DE TARAPACA";"Envejecimiento en el lugar: la influencia del ambiente residencial y la pertenencia étnica en el envejecimiento exitoso en personas mayores aymaras y mapuches de Chile"
"156";2017;"FUND CENT TRANSDISCIPLINARIO DE ESTUDIOS";"Modelos conceptuales del sistema complejo sociedad-naturaleza: abriendo caminos hacia nuevas formas de construcción del desarrollo rural en Chile"
"157";2017;"PONT. UNIV. CATOLICA DE CHILE";"Recursos melodramáticas y noticias televisivas: activación, disfrute identificación y contagio emocional como elementos explicadores de los efectos del melodrama sobre la recordación y comprensión de información"
"158";2017;"PONT. UNIV. CATOLICA DE CHILE";"Cambios en los debates presidenciales en televisión en Chile (1989 - 2017): el rol de los periodistas y el contenido de las respuestas de los candidatos"
"159";2017;"UNIV.BERNARDO O'HIGGINS";"Múltiples violencias que afectan a las niñas y los niños migrantes en Chile: derechos, intervenciones sociales y políticas públicas"
"160";2017;"UNIV.DIEGO PORTALES";"Expanding social indicators research: the quality of employment in developing countries"
"161";2017;"PONT. UNIV. CATOLICA DE CHILE";"Comprendiendo la dinámica de la abuelidad y su relación con el bienestar de las personas mayores en Chile"
"162";2017;"UNIV.DIEGO PORTALES";"Justicia, legitimidad y cambio social: acerca de la interacción entre justicia distributiva y procedimental"
"163";2017;"UNIV.ALBERTO HURTADO";"Subjetividades en el trabajo en red: las identidades laborales de trabajadores de redes surgidas de alianzas público-privadas (redes app) en Chile"
"164";2017;"UNIV.DE LA FRONTERA";"Efectos locales de la compra de tierras a comunidades mapuche en la Araucanía: un análisis socioecológico y de calidad de vida humana"
"165";2017;"UNIV.DE SANTIAGO DE CHILE";"La estructura de la sociabilidad en Chile y sus consecuencias para nuestra convivencia. Análisis longitudinal de redes sociales"
"166";2017;"UNIV.DE CHILE";"Trayectorias, oportunidades y expectativas educacionales post-secundarias de jóvenes chilenos. Hacia una comprensión del soporte socio-cultural del mercado de la educación superior"
"167";2018;"UNIV.CATOLICA DEL NORTE";"Segregación ocupacional por sexo: etnografía de las interacciones simbólicas y no simbólicas en la formación técnica y/o universitaria para la minería mixta del 2035"
"168";2018;"UNIV.DE PLAYA ANCHA CS. EDUCACION";"Reformas judiciales y acceso a la justicia en Chile: desde la sociología del actuar y la recepción judicial (2000-2020)"
"169";2018;"UNIV.CATOLICA DEL NORTE";"Mercantilización de las emociones. El lugar simbólico de las trabajadoras sexuales en las emociones de los hombres de la gran minería del cobre"
"170";2018;"UNIV.DIEGO PORTALES";"La vida social de las prácticas y tecnologías para el consumo sustentable: una mirada sociológica a la autogeneración energética y el reciclaje doméstico"
"171";2018;"UNIV.ANDRES BELLO";"El trabajo científico en Chile: instrumentos de acción pública, prácticas de producción científica e identidades laborales"
"172";2018;"UNIV.CATOLICA DEL NORTE";"Análisis del impacto relativo del sistema de ciencia chileno 2010-2017. Un enfoque libre de escala"
"173";2018;"UNIV.DE SANTIAGO DE CHILE";"Problematizaciones del individualismo en América del Sur"
"174";2018;"UNIV.ALBERTO HURTADO";"Nuevas mercancías y servicios religiosos en Santiago: prácticas, consumo y resignificaciones de lo sagrado"
"175";2018;"PONT. UNIV. CATOLICA DE VALPARAISO";"Prácticas, discursos y redefinición de roles periodísticos en redes sociales: un estudio comparado en las plataformas digitales de Twitter e Instagram"
"176";2018;"UNIV.DE LOS LAGOS";"¿De la dispersión a la acumulación? Consecuencias políticas de los conflictos socio-territoriales en perspectiva comparada (Chile-Perú)"
"177";2018;"UNIV.SANTO TOMAS";"Fracturas al orden de género en la gran minería en Chile: trayectorias personales y ocupacionales de mujeres en cargos no tradicionales, ejecutivos u operarios, analizados desde la interseccionalidad"
"178";2018;"UNIV.DE VALPARAISO";"Análisis de los discursos de jóvenes universitarios que participan y no participan en manifestaciones estudiantiles de Santiago y Valparaíso acerca de la legitimidad del sistema y la legitimidad de las acciones de protesta del movimiento estudiantil"
"179";2018;"UNIV.ALBERTO HURTADO";"Intereses y controversias en torno al agua. Los grupos de interés y la reforma al código de aguas"
"180";2018;"UNIV.DE LA FRONTERA";"El imaginario social de la nación en la crítica literaria periodística publicada en la prensa chilena durante el periodo de la unidad popular (1970-1973)"
"181";2018;"UNIV.MAYOR";"Can society turn wine into water? Cross-national life-course research on the social variations in the association between drinking behavior and healthy aging"
"182";2018;"UNIV.DIEGO PORTALES";"Trabajo y construcción de identidades en trabajadores de la industria del retail en Chile. Estudio en 3 ciudades sobre contextos regionales productivos, narrativas identitarias, formas de reconocimiento, control managerial y organización sindical"
"183";2018;"UNIV.DE SANTIAGO DE CHILE";"La producción del conocimiento sociotécnico en contextos de evaluación ambiental"
"184";2018;"UNIV.DIEGO PORTALES";"Socialización política y educación para la ciudadanía: el rol de la familia y de la escuela"
"185";2018;"UNIV.DE CHILE";"Memorias políticas que activistas de diferentes generaciones construyen sobre la politización de la sociedad chilena en el pasado reciente"
"186";2018;"PONT. UNIV. CATOLICA DE CHILE";"Parenting at the crossroads: a study of early childhood, care and mobility in an intercultural context in Santiago de Chile"
"187";2018;"UNIV.ANDRES BELLO";"The institutional basis of subjective wellbeing: understanding the role of trust in the criminal justice system and ontological security in comparative perspective"
"188";2018;"UNIV.DIEGO PORTALES";"Constitución política y reprogramación del orden social: un estudio sobre la producción de conceptos de sociedad en la discusión y redacción de la constitución chilena de 1980"
"189";2018;"PONT. UNIV. CATOLICA DE CHILE";"Riesgos y oportunidades del uso de tics en escolares: hacia una agenda de alfabetización digital para el alumno 2020"
"190";2018;"UNIV.ARTURO PRAT";"Cadenas transfronterizas de cuidado entre Chile y Bolivia: trabajo de cuidado y emociones en un contexto de movilidad circular"
"191";2019;"UNIV.AUTONOMA DE CHILE";"Jóvenes, trabajo y familia: hacia un modelo para la comprensión de expectativas familiares y laborales"
"192";2019;"UNIV.DE CONCEPCION";"Comunalización y heterogeneidades económicas: espacios de diálogo en torno a casos en el centro sur de Chile"
"193";2019;"UNIV.DIEGO PORTALES";"Comparación espacio-temporal de la participación cultural y el gusto. El caso de Chile"
"194";2019;"UNIV.ARTURO PRAT";"La intermediación urbano-portuaria en un contexto transfronterizo: Arica (2008-2018)"
"195";2019;"FUND. PARA LA INV. DEPRESION Y PERS.";"Infancia institucionalizada y vida cotidiana de la niñez en las residencias de protección de Santiago de Chile (1979-2000)"
"196";2019;"UNIV.DE CHILE";"Estudio longitudinal de trayectorias y transiciones investigativas de trabajadores sociales chilenos"
"197";2019;"UNIV.ADOLFO IBANEZ";"Gobernando transiciones críticas en sistemas socioecológicos: el caso de Chiloé, Chile"
"198";2019;"UNIV.CATOLICA DE TEMUCO";"Tecno política mapuche. Redes de comunicación, interculturalidad y heteronomía desde el wallmapu"
"199";2019;"UNIV.DE LA FRONTERA";"Calidad del aire, vulnerabilidad social y percepción de riesgo en ciudades intermedias del sur de Chile: un análisis desde la justicia ambiental"
"200";2019;"UNIV.DE LOS LAGOS";"La posición de uno mismo en la sociedad: lo justo y lo injusto en el espejo social"
"201";2019;"PONT. UNIV. CATOLICA DE CHILE";"Fecundidad adolescente y resultados educativos en Chile"
"202";2019;"PONT. UNIV. CATOLICA DE CHILE";"Naturalezas equívocas: disensos ontológicos y las transiciones hacia la sustentabilidad"
"203";2019;"UNIV.DIEGO PORTALES";"Inmigración en Chile: cobertura e impacto de los contenidos difundidos por los medios de comunicación en las percepciones de las audiencias"
"204";2019;"UNIV.ANDRES BELLO";"Doing laboratory studies in Chile: re-engaging science in the making and the established field of science and technology studies"
"205";2019;"UNIV.DIEGO PORTALES";"Confianza relacional en la educación media. Un estudio en establecimientos científico-humanistas y técnico-profesionales de la región metropolitana"
"206";2019;"UNIV.ACADEMIA DE HUMANISMO CRISTIANO";"Género, etnia y nacionalidad en los asalariados temporales de la fruticultura de exportación. Una inmersión en trayectorias sociales frente a estrategias empresariales de empleo en Atacama y La Araucanía"
"207";2019;"UNIV.ALBERTO HURTADO";"Más allá del paradigma de la víctima: genealogías de dispositivos de performación de sujetos de la violencia política. Chile, 1973-2018"
"208";2019;"UNIV.DE CHILE";"Políticas (estatales) de empleo bajo el neoliberalismo y el buen vivir: encrucijadas para el desarrollo. Los casos de Bolivia, Brasil, Chile y ecuador (2014-2018)"
"209";2019;"PONT. UNIV. CATOLICA DE VALPARAISO";"Trabajo público en tiempos manageriales: prácticas cotidianas y formas de acción colectiva en contextos de alta rendición de cuentas y gobernanza financializada de lo público"
"210";2019;"UNIV.DE VALPARAISO";"De zonas de sacrificio a zonas de recuperación socioambiental: construcción participativa de criterios de gobernanza ambiental y bienestar en Las bahías-Puerto de Huasco, Puchuncaví-Quintero y Coronel, Chile"
"211";2019;"PONT. UNIV. CATOLICA DE CHILE";"Repertorios culturales, trayectorias socio-espaciales y política: sobre la fragmentación y conflicto posicional en la clase media alta en Chile"
"212";2019;"UNIV.ANDRES BELLO";"Desigualdad temporal, reproducción y exclusión social"
"213";2019;"UNIV.CATOLICA CARDENAL SILVA HENRIQUEZ";"¿Hacia un nuevo campo político?: organizaciones y discursos políticos emergentes en el Chile actual (2010-2010)"
"214";2019;"PONT. UNIV. CATOLICA DE CHILE";"Economía moral de los desastres socionaturales y el Estado"
"215";2019;"UNIV.CATOLICA DE TEMUCO";"Segregación de género en la elección de estudios superiores. Análisis de factores internos y externos que influyen en las trayectorias vocacionales de estudiantes secundarios/as chilenos/as"
"216";2020;"UNIV.DE SANTIAGO DE CHILE";"Prácticas de mantención y reparación de infraestructuras remotas y el surgimiento de comunidades energéticas en Coyhaique y Puerto Edén"
"217";2020;"UNIV.DE CHILE";"Formación de audiencias ciudadanas: adolescentes y telenovelas en tiempos de intolerancia"
"218";2020;"PONT. UNIV. CATOLICA DE CHILE";"¿Víctimas del neoliberalismo o aristocracia obrera? Explicando las variaciones en los movimientos laborales latinoamericanos, desde el consenso de Washington hasta Bolsonaro"
"219";2020;"UNIV.ADOLFO IBANEZ";"The autonomy and secularisation of modernity. A study in philosophical sociology"
"220";2020;"UNIV.DE CHILE";"Representaciones sociales de actores relevantes vinculadas con las principales barreras a las prestaciones garantizadas en la ley 21.030, que despenaliza la interrupción del embarazo por tres causales en Chile"
"221";2020;"UNIV.CATOLICA CARDENAL SILVA HENRIQUEZ";"Democracia, política y redes corporativas en Chile. Una aproximación sociológica y metodológica al campo social e institucional de centros de estudios y think tanks (1990-2021)"
"222";2020;"UNIV.DIEGO PORTALES";"Capitalismo y legitimación de la democracia: el circuito global-local de producción y recepción de ideas a partir de la plataforma project syndicate"
"223";2020;"UNIV.ALBERTO HURTADO";"Radiografía del pensamiento crítico latinoamericano: las antologías de clacso como aproximación a un canon regional"
"224";2020;"PONT. UNIV. CATOLICA DE CHILE";"Vejez e interculturalidad: distancias y encuentros en un Chile diverso"
"225";2020;"UNIV.CATOLICA DE TEMUCO";"Precariedades del trabajo en la macrozona sur de Chile: intersecciones, territorios y resistencias en las regiones del Maule, Ñuble, Biobío y la Araucanía"
"226";2020;"UNIV.ARTURO PRAT";"Migraciones y zona franca: empresarios, comerciantes y trabajadores extranjeros en la historia de zofri desde 1975 hasta hoy"
"227";2020;"UNIV.CATOLICA DE LA STMA. CONCEPCION";"Communicating family identity through the web to improve consumer attention, brand attitude, and purchase intention"
"228";2020;"UNIV.ALBERTO HURTADO";"Rutas y trayectorias de migrantes venezolanos a lo largo de américa del sur. Cuando las puertas comienzan a cerrarse"
"229";2020;"UNIV.DE CHILE";"Jóvenes de película: genealogía de la juventud a partir de la producción cinematográfica en Chile del siglo XX"
"230";2020;"UNIV.CATOLICA DE TEMUCO";"Los gustos espaciales en la producción de espacios urbanos dentro del Chile neoliberal: el caso de las conurbaciones de Temuco-Padre las casas e Iquique-Alto Hospicio"
"231";2020;"UNIV.AUSTRAL DE CHILE";"Ecologías de la reparación: crisis socioambientales como procesos de experimentación ontológica"
"232";2020;"PONT. UNIV. CATOLICA DE CHILE";"Jóvenes veganos en Santiago de Chile: una investigación sobre carreras desviadas, hábitus y prácticas socio-alimentarias"
"233";2020;"UNIV.DE CHILE";"Resistencias profesionales en la primera línea de implementación de programas sociales en Chile"
"234";2020;"UNIV.DE CHILE";"Gramáticas de las microcontroversias a propósito del trastorno por déficit atencional e hiperactividad. Un estudio sobre los diferendos normativos suscitados en el marco de los actuales procesos civilizatorios en Chile"
"235";2010;"PONT. UNIV. CATOLICA DE CHILE";"Participación ciudadana en contextos de desastre: una aproximación desde la sociología de las controversias"
"236";2010;"UNIV.DE LOS LAGOS";"Discriminación y lucha por el reconocimiento en el proceso de incorporación de los inmigrantes argentinos, peruanos y ecuatorianos a la región metropolitana"
"237";2010;"UNIV.DIEGO PORTALES";"Construyendo al consumidor de clase media. Un análisis de las prácticas de categorización social del marketing y la publicidad en Chile"
"238";2010;"UNIV.DIEGO PORTALES";"Does the chilean pension model influence health and happiness? A multilevel longitudinal analysis"
"239";2011;"UNIV.DE CONCEPCION";"Agroecología y agricultura orgánica en el centro-sur de Chile: cadenas de valor y redes de gobernanza"
"240";2011;"PONT. UNIV. CATOLICA DE CHILE";"Three years after birth: family transitions and the wellbeing of chilean mothers"
"241";2011;"UNIV.DIEGO PORTALES";"Reproducción asistida en Chile: análisis de los repertorios culturales usados para evaluar lo correcto, moral y legitimo en el campo abierto por las nuevas tecnologías reproductivas"
"242";2011;"CORPORACION RIMISP";"Desigualdad territorial y transferencias condicionadas de ingreso: el caso del ingreso ético familiar"
"243";2011;"PONT. UNIV. CATOLICA DE VALPARAISO";"Imaginarios sociales sobre el conflicto. Los sistemas de justificación del acuerdo y del disenso en las relaciones entre los actores de enseñanza media"
"244";2011;"UNIV.CATOLICA DEL MAULE";"Genealogía de lo juvenil en Chile en el siglo XX. Políticas de visibilidad y emergencias identitarias (c.1906-c.1986)"
"245";2011;"UNIV.DIEGO PORTALES";"Trabajo y maternidad: estudio biográfico interpretativo sobre la articulación del ámbito laboral y familiar en mujeres con hijos en la primera infancia"
"246";2011;"UNIV.ALBERTO HURTADO";"Individuos y regímenes pragmáticos en Chile: hacia una sociología pragmática y moral del individuo"
"247";2011;"UNIV.AUSTRAL DE CHILE";"La sociología del cambio climático: políticas públicas, trayectorias regionales y representaciones sociales del cambio climático en el sur de Chile"
"248";2011;"UNIV.DE VALPARAISO";"Academic identities and practice in changing institutional contexts of chilean higher education: the case of sociology, education and biology"
"249";2012;"UNIV.DE LOS LAGOS";"Efectos de la multiadhesion en el comportamiento cívico de los jóvenes"
"250";2012;"UNIV.DE ANTOFAGASTA";"Una mirada a la responsabilidad social universitaria en la ciudad de Antofagasta"
"251";2012;"PONT. UNIV. CATOLICA DE CHILE";"La difusión de la protesta colectiva en Chile (2000-2011)"
"252";2012;"UNIV.CATOLICA DEL MAULE";"Factores socioculturales que conforman la opinión publica y especializada de los roles sociales de las personas mayores de Chile en el periodo 2002-2012"
"253";2012;"UNIV.DE PLAYA ANCHA CS. EDUCACION";"A sociology of the chilean public administration: the court clerks and the criminal procedure reform"
"254";2012;"PONT. UNIV. CATOLICA DE CHILE";"Social justice and citizenship participation: an international comparison with focus on the case of Chile"
"255";2012;"UNIV.DE SANTIAGO DE CHILE";"El pensamiento de los intelectuales indígenas en la historia reciente de América Latina y Chile, 1980-2010"
"256";2012;"UNIV.ALBERTO HURTADO";"Cooptación de movimientos regionalistas en tres coyunturas históricas de Chile: modelo y fragilidad de alianza regionalizadora"
"257";2012;"UNIV. UCINF";"La infancia como sujeto de las políticas públicas e intervenciones sociales: el caso de la niñez migrante en el Chile del siglo XXI"
"258";2012;"UNIV.DIEGO PORTALES";"Pensar la negatividad de lo social: hacia una reconstrucción del concepto de ruptura en la teoría social moderna"
"259";2012;"UNIV.ALBERTO HURTADO";"Género, relaciones laborales y organizaciones académicas. Prácticas y discursos en las universidades chilenas"
"260";2012;"UNIV.DE SANTIAGO DE CHILE";"Plataformas ciudadanas y grupos de conocimiento experto en la conformación de marcos interpretativos en torno a la generación eléctrica ""de base"" en Chile entre 2008 y 2011"
"261";2013;"UNIV.ACADEMIA DE HUMANISMO CRISTIANO";"El discurso de la igualdad de género en Chile y su recepción en mujeres de las capas medias y altas"
"262";2013;"UNIV.DE PLAYA ANCHA CS. EDUCACION";"Acción colectiva y diseño institucional. Una contribución desde la sociología analítica al estudio de los fundamentos y de las consecuencias de la des-colectivizacion en Chile"
"263";2013;"UNIV.ADOLFO IBANEZ";"The academic collection of self-reports:from opinion polls to household panel surveys (1960s-2000s)"
"264";2013;"UNIV.DIEGO PORTALES";"Procesos de construcción de identidad en el trabajo en el Chile actual: el caso de los trabajadores de tiendas de grandes empresas del retail. Aportes empíricos y conceptuales al debate sobre trabajo e identidad en América Latina"
"265";2013;"UNIV.DE SANTIAGO DE CHILE";"Análisis de la segregación escolar socioeconómica en enseñanza básica"
"266";2013;"UNIV.DE LOS LAGOS";"Sociología de la agricultura familiar en Chile: diversidad, agencia y estilos agrarios"
"267";2013;"UNIV.CENTRAL DE CHILE";"Las tecnologías sociales de las organizaciones económicas de medios sociales urbanos pobres. El caso de los cachureros y coleros de Huechuraba, región metropolitana, Chile"
"268";2013;"UNIV.DE CONCEPCION";"Patrimonio cultural, territorio y desarrollo local: análisis de los procesos de apropiación social del discurso patrimonial, su articulación con políticas públicas y efectos en las dinámicas de desarrollo local, en tres regiones del sur"
"269";2013;"UNIV.DE CONCEPCION";"Hacia la configuración de nuevas masculinidades: relaciones de género y arreglos domésticos en las familias del Concepción urbano"
"270";2013;"UNIV.DE CONCEPCION";"Imaginarios sociales de la identidad mapuche en el gran Concepción, región del Biobío"
"271";2013;"PONT. UNIV. CATOLICA DE CHILE";"Trayectorias y memoria de investigación: testimonios y aproximaciones narrativas a la investigación en trabajo social"
"272";2013;"UNIV.ANDRES BELLO";"Fragilidad social en el adulto mayor: factores asociados y su relación con discapacidad, muerte, uso de servicios de salud y calidad de vida"
"273";2013;"UNIV.ANDRES BELLO";"Determinantes sociales para la adherencia al tamizaje de cáncer cervicouterino"
"274";2013;"UNIV.CATOLICA DE LA STMA. CONCEPCION";"Modelos de guion en el cine chileno de ficción: análisis de los estándares profesionales y los principios dramatúrgicos aplicados por la industria audiovisual durante el periodo 2003 - 2013"
"275";2013;"UNIV.DE VALPARAISO";"Discursos sobre la política y la democracia y formas de acción política no convencionales de estudiantes universitarios que participan en distintas formas de asociatividad juvenil"
"276";2014;"UNIV.DE TARAPACA";"Envejecimiento con éxito, apoyo social y etnicidad en personas mayores de la región de Arica y Parinacota"
"277";2014;"UNIV.ACADEMIA DE HUMANISMO CRISTIANO";"¿Iguales ante la ley?: inclusión y exclusión de formas familiares en el derecho chileno"
"278";2014;"UNIV.DIEGO PORTALES";"Descentralización cultural y construcción de identidad territorial: el lugar de lo indígena en las políticas culturales de las regiones del Bío bío, La Araucanía y Los Lagos"
"279";2014;"UNIV.CATOLICA DE TEMUCO";"Apropiación tecnológica, discurso y decolonialidad. La producción informativa digital mapuche en el marco del conflicto estado-nación y pueblo mapuche en la región de La Araucanía"
"280";2014;"UNIV.SANTO TOMAS";"Significados y experiencias de la niñez y vejez como polos vitales de cuidado en familias del medio rural del valle de Aconcagua. Una lectura desde la perspectiva de género"
"281";2014;"UNIV.AUTONOMA DE CHILE";"La excelencia académica en escuelas públicas de prestigio: percepciones, vivencias y prácticas de los actores escolares"
"282";2014;"UNIV.CATOLICA CARDENAL SILVA HENRIQUEZ";"Generaciones, cultura militante y faccionalismo en los partidos socialista y demócrata cristiano de Chile. Cambios contemporáneos en las nociones de la política, El partido y su vinculación con la sociedad. 1973-2015"
"283";2014;"UNIV.ALBERTO HURTADO";"Sur y la construcción del anti-movimiento de pobladores: ciencias sociales, performatividad y movimientos sociales en Chile 1985-1995"
"284";2014;"UNIV.CATOLICA DE TEMUCO";"La formación de los trabajadores sociales en Chile: un acercamiento interpretativo a la dimensión histórica-política de sus perspectivas teóricas"
"285";2014;"UNIV.DE LOS LAGOS";"El campo político-discursivo chileno en un contexto de dislocación: continuidades y transformaciones (1997-2014)"
"286";2014;"UNIV.DE CHILE";"Moving towards adaptation to climate change: current practices developed in Chile, their usefulness, barriers to implementation, and opportunities for improvement"
"287";2014;"PONT. UNIV. CATOLICA DE CHILE";"¿Cómo comemos juntos?: un estudio descriptivo sobre las prácticas de comensalidad en adultos de la región metropolitana"
"288";2014;"PONT. UNIV. CATOLICA DE VALPARAISO";"The relevance of crowd though in the chilean capital market"
"289";2014;"UNIV.DE CHILE";"Operaciones de inclusión/ exclusión en sistemas territoriales complejos. Marcos e instrumentos para la observación socio- espacial"
"290";2014;"UNIV.DE SANTIAGO DE CHILE";"Aportes de los estudios de ciencia y tecnología a la comprensión de enfermedades abordadas por la medicina basada en la evidencia: regímenes de subjetivación, corporización y biosocialidad en el GES"
"291";2014;"PONT. UNIV. CATOLICA DE CHILE";"Cyberbullying en Chile: cómo los escolares utilizan las tecnologías de comunicación para relacionarse y sociabilizar con sus pares"
"292";2014;"UNIV.ACADEMIA DE HUMANISMO CRISTIANO";"Usos de medios de comunicación masiva y tics por parte de jóvenes que participan en organizaciones sociales comunitarias en las regiones V, X y metropolitana"
"293";2014;"UNIV.ANDRES BELLO";"Trayectorias socio-laborales y ciudadanía de mujeres trabajadoras asistidas, en la conurbación provincial de Valparaíso y Marga Marga"
"294";2014;"UNIV.DE CONCEPCION";"En carne propia: relatos y prácticas de lo corporal en jóvenes urbanos de Concepción y Santiago"
"295";2014;"PONT. UNIV. CATOLICA DE CHILE";"Flujos informativos y pluralismo en las redes sociales online en Chile: descripción y análisis de las noticias viralizadas por el público"
"296";2015;"UNIV.DE LOS ANDES";"Estudio comparativo de las características de los directores de medios de comunicación en Chile y su efecto en la calidad e innovación. Una aproximación desde el liderazgo transformacional"
"297";2015;"UNIV.ADOLFO IBANEZ";"Los intermediadores culturales en la era digital: un análisis de las prácticas y tecnologías digitales en la producción de mercados en la industria cultural chilena"
"298";2015;"UNIV.DE VALPARAISO";"Articulaciones entre género y memoria social sobre la dictadura cívico-militar chilena desde las prácticas políticas del presente"
"299";2015;"UNIV.ALBERTO HURTADO";"La odisea de llegar a fin de mes:  estrategias de pago de deudas en familias jóvenes de clase media en Santiago y Concepción"
"300";2015;"UNIV.DE VALPARAISO";"¿Emergencia de un nuevo patrón de nupcialidad? El aumento de la convivencia en grupos medio-altos en Chile"
"301";2015;"UNIV.ALBERTO HURTADO";"Gestionando ""rabanitos"". La disposición empresarial hacia los sindicatos en Chile"
"302";2015;"PONT. UNIV. CATOLICA DE CHILE";"Developing a comprehensive model of the relationships among expected patient participation in medical decision making, experienced participation and satisfaction with healthcare for the chilean population"
"303";2015;"UNIV.DE LA FRONTERA";"Percepción pública e implicación ciudadana en el control de la contaminación atmosférica urbana del sur de Chile"
"304";2015;"PONT. UNIV. CATOLICA DE CHILE";"A new approach to digital inclusion: understanding the association between digital skills, use of digital resources and tangible outcomes in the population of the metropolitan region of Chile"
"305";2015;"UNIV.DIEGO PORTALES";"Institucionalización de los ""saberes psi"" y las representaciones del yo (self) a comienzos del siglo XX en Chile (1900-1950): un estudio sociocultural."
"306";2015;"UNIV.ALBERTO HURTADO";"Medios y migración infantil: descripción analítica y comparativa de las prácticas con medios de comunicación de niños y niñas migrantes latinoamericanos en Chile"
"307";2015;"UNIV.CATOLICA DEL NORTE";"Reproducción social y posición socio-laboral en Chile"
"308";2015;"PONT. UNIV. CATOLICA DE VALPARAISO";"Repertorios de acción política ciudadana  en el Chile post-transición: un estudio narrativo con ex-militantes de izquierda que hoy participan en movimientos socio-ambientales"
"309";2015;"UNIV.SAN SEBASTIAN";"El desempeño moral de las cárceles chilenas como pre-requisito para la reinserción social"
"310";2015;"UNIV.FINIS TERRAE";"Trayectorias laborales de mujeres y vejez en Chile"
"311";2015;"UNIV.ANDRES BELLO";"Telemedicina, controversia y cambio social en Chile. Cómo la telemedicina se construye socialmente y configura la sociedad"
"312";2016;"UNIV.DE TALCA";"'Rutinización' de las ti, efectos de la interacción de los usuarios con la tecnología y el grupo social"
"313";2016;"UNIV.AUSTRAL DE CHILE";"Tecnologías de intervención y procesos de subjetivación en los programas de tratamiento y rehabilitación por consumo problemático de sustancias dirigidos a jóvenes con infracción de ley en la región de Los Ríos"
"314";2016;"UNIV.DE CHILE";"Cambio en las políticas hacia la infancia y adolescencia en Chile. Análisis de los marcos interpretativos de instituciones y actores relacionados"
"315";2016;"UNIV.ALBERTO HURTADO";"Hacer hogar en Santiago. Procesos de subjetivación en el espacio doméstico"
"316";2016;"UNIV.CENTRAL DE CHILE";"Tecnologías de gobierno de la primera infancia, un análisis discursivo del programa Chile crece contigo"
"317";2016;"UNIV.AUSTRAL DE CHILE";"Radios comunitarias en Chile: descripción y análisis de las variables de asociatividad, comunidad y afectividad en los procesos radialistas en las voces de sus actores"
"318";2016;"UNIV.CENTRAL DE CHILE";"Prácticas sociales y mecanismos de legitimación de la desigualdad en Chile"
"319";2016;"UNIV.DE LA FRONTERA";"Acción colectiva y gobernanza comunitaria: en la búsqueda de sustentabilidad de recursos de uso común en el sur de Chile"
"320";2016;"UNIV.DE SANTIAGO DE CHILE";"Neurociencias y auto-secularización del cristianismo: ¿un fundamento científico para la religiosidad?"
"321";2016;"UNIV.CATOLICA DE TEMUCO";"Reclutamiento, selección de personal y estructura social: análisis sociológico de los procedimientos seguidos por grandes empresas en Chile"
"322";2016;"UNIV.ALBERTO HURTADO";"Intervención inter-profesional en programas sociales pro-integralidad en Chile: una contribución al public engagement"
"323";2016;"UNIV.ACADEMIA DE HUMANISMO CRISTIANO";"""Mapuche eco-espiritual"": políticas de la diferencia género-racializada en el multiculturalismo neoliberal"
"324";2016;"UNIV.DE CHILE";"Modernización ecológica en Chile. La ruta modernizadora chilena en el contexto de las economías basadas en las industrias extractivas y la construcción de un modelo para el análisis comparativo"
"325";2016;"UNIV.DE SANTIAGO DE CHILE";"Human well-being and sustainable management of native forest in rural Chile: are they related?"
"326";2016;"PONT. UNIV. CATOLICA DE VALPARAISO";"Investigación en comunicación en Chile: estado del arte y análisis de las características y proyecciones de la comunidad científica nacional"
"327";2016;"UNIV.ANDRES BELLO";"Formas de exclusión de los programas de transferencias condicionadas: condiciones (in)cumplidas"
"328";2016;"UNIV.TECNICA FEDERICO SANTA MARIA";"Does social media attention matter? A longitudinal assessment of the impact of nonprofits' social media strategies on citizen participation in urban areas"
"329";2017;"UNIV.DE CHILE";"El discurso social sobre los profesores en Chile: medios de comunicación e identidad docente en un contexto mediatizado"
"330";2017;"UNIV.AUTONOMA DE CHILE";"Normatividades emergentes: la institucionalidad ética en organizaciones sociales chilenas"
"331";2017;"PONT. UNIV. CATOLICA DE VALPARAISO";"Subjetividades con las que los y las profesionales de la intervención social directa experiencian su ejercicio laboral: aportes a la formación profesional de pregrado"
"332";2017;"UNIV.DE PLAYA ANCHA CS. EDUCACION";"Miradas y proyecciones sobre los canales cortos de comercialización que utilizan las experiencias agroecológicas. Una construcción desde los productores y consumidores de la V región"
"333";2017;"UNIV.ALBERTO HURTADO";"El cuerpo en lo social: experiencias corporales reflexivas en torno a la gestión cotidiana del peso corporal en adultos de la ciudad de Santiago de Chile"
"334";2017;"UNIV.ALBERTO HURTADO";"Prácticas de ocio y trabajo cognitivo. Un estudio de los sectores creativos, artísticos e intelectuales"
"335";2017;"UNIV.SANTO TOMAS";"Transformaciones institucionales para el manejo sustentable de sistemas socio-ecológicos costeros: toma de decisiones deliberativas en espacios de acción colectiva"
"336";2017;"UNIV.DE LOS ANDES";"El menor de edad como consumidor. Análisis de la publicidad que recibe el usuario de 10 a 14 años a través de los dispositivos móviles"
"337";2017;"UNIV.ACADEMIA DE HUMANISMO CRISTIANO";"Delincuencia, terrorismo y desastres naturales: un estudio sobre la gestión gubernamental del miedo en el Chile de la postdictadura (1990-2020)"
"338";2017;"UNIV.AUSTRAL DE CHILE";"Prácticas 'psi' en la escuela: efectos de la intervención psicosocial en el marco de políticas educativas inclusivas"
"339";2017;"UNIV.DE PLAYA ANCHA CS. EDUCACION";"Violencia de género en jóvenes de educación superior: análisis de dos instituciones universitarias en Chile"
"340";2017;"UNIV.CATOLICA DE TEMUCO";"Vínculos sociales y corrupción en el contexto público local: la coexistencia de lo formal e informal"
"341";2017;"UNIV.CATOLICA CARDENAL SILVA HENRIQUEZ";"Jóvenes en un mundo globalizado: subjetividades y construcción de sí mismos de los jóvenes líderes chilenos alter-activistas en las movilizaciones post 2011"
"342";2017;"UNIV.DE VALPARAISO";"El problema de la hiperfrecuentación en la atención primaria de salud en Chile. Hacia una comprensión del malestar inexplicable."
"343";2017;"UNIV.DEL BIO-BIO";"Normalización biopolítica de la ciudad post-catástrofe: tres décadas de grandes terremotos durante el régimen neoliberal en Chile (1985- 2010-2015)"
"344";2017;"UNIV.DE LOS LAGOS";"Post-disaster livelihood recovery and adaptations in natural resource-dependent communities in Chile"
"345";2017;"UNIV.ALBERTO HURTADO";"Gobierno y autogobierno en la producción de nuevos traders. Una investigación sobre los procesos de incorporación al trabajo en el sector bancario"
"346";2018;"PONT. UNIV. CATOLICA DE CHILE";"Emotional and literary repertoires for childhood"
"347";2018;"UNIV.DIEGO PORTALES";"Agriculturas campesinas e indígenas en movimiento: sistemas alimentarios alternativos y el giro logístico en el gran Santiago"
"348";2018;"UNIVERSIDAD DE O'HIGGINS";"El tratamiento informativo de los inmigrantes en la prensa nacional escrita actual (2015-2019) y su impacto en la opinión pública"
"349";2018;"PONT. UNIV. CATOLICA DE CHILE";"Cuidado y crianza entre culturas: saberes y pareceres en las relaciones de cuidado durante la gestación y primera infancia en familias migrantes latinoamericanas en Chile"
"350";2018;"UNIV.CATOLICA DEL MAULE";"¿sostener lo insustentable o habilitar sociedades sustentables?: los escenarios de transición hacia la sustentabilidad socio-ecológica en Chile"
"351";2018;"UNIV.CENTRAL DE CHILE";"The politics of fictional expectations. Towards an economic sociology of the public sphere in Chile"
"352";2018;"PONT. UNIV. CATOLICA DE CHILE";"Religiosidad y bienestar subjetivo de las personas mayores en Chile"
"353";2018;"PONT. UNIV. CATOLICA DE CHILE";"Vulnerability among older people in Chile: a life course study of cumulative advantages and disadvantages"
"354";2018;"UNIV.ALBERTO HURTADO";"Incendios forestales y nuevo régimen climático: interrogando la producción de conocimiento y valorización del medio ambiente en expertos en bosques en el sur de Chile"
"355";2018;"UNIV.CATOLICA DE LA STMA. CONCEPCION";"Convergencias y divergencias entre las trayectorias de vida y las trayectorias de intervención en las programas especializados en explotación sexual comercial de niñas niños y adolescentes"
"356";2018;"UNIV.AUTONOMA DE CHILE";"Violencia en las relaciones de pareja joven: nuevas tecnologías de la comunicación y creencias distorsionadas sobre el amor y la violencia"
"357";2018;"UNIV.CATOLICA DE TEMUCO";"""Las que tienen hijos chicos no pueden ir a trabajar"": la organización social del cuidado como condición de la participación de mujeres en asociaciones productivas rurales de la Araucanía"
"358";2018;"UNIV.DE CHILE";"Partidos-movimiento en acción: el caso del frente amplio en Chile"
"359";2018;"UNIV.DIEGO PORTALES";"Entornos de información de salud y su impacto en la adopción y mantención de comportamientos saludables"
"360";2018;"UNIV.DIEGO PORTALES";"Cultura tributaria: conocimiento y moral en el pago de impuestos en la sociedad chilena"
"361";2018;"PONT. UNIV. CATOLICA DE CHILE";"Descripción y análisis de la incivilidad y deliberación presentes en comentarios de noticias online: el caso de Radio Bío Bío"
"362";2019;"UNIV.ALBERTO HURTADO";"Nuevos repertorios de la acción pública: profesionales psicosociales en el contexto de la reforma a la justicia familiar y penal en Chile"
"363";2019;"UNIV.DE SANTIAGO DE CHILE";"Ni en los medios ni en los journals: sobre cómo los saberes y las sensibilidades de los habitantes de las controversias socio-técnicas son invisibilizados y la posibilidad de reconocer su aporte"
"364";2019;"PONT. UNIV. CATOLICA DE VALPARAISO";"Participación de no expertos en políticas públicas. El caso de los servicios locales de educación"
"365";2019;"UNIV.ANDRES BELLO";"¿Del protagonismo a la abstención? Estudio sobre participación política en barrios populares del gran Santiago"
"366";2019;"UNIV.ALBERTO HURTADO";"Determinantes institucionales y políticos del conflicto entre empresarios y trabajadores: los casos de argentina y Chile en perspectiva comparada"
"367";2019;"PONT. UNIV. CATOLICA DE CHILE";"Micropolitics of care: logics, practices, and engagements related to mental health diagnoses and special educational needs in chilean schools"
"368";2019;"PONT. UNIV. CATOLICA DE CHILE";"Masculinidades jóvenes y salud en el contexto actual del aumento del VIH en Chile"
"369";2019;"PONT. UNIV. CATOLICA DE CHILE";"Traducción en la implementación de políticas sociales. El rol clave de los equipos locales"
"370";2019;"UNIV.ALBERTO HURTADO";"Gobernanza adaptativa ante mega incendios forestales: el caso del sistema socioecológico de Empedrado, Cauquenes, Constitución y San Javier"
"371";2019;"PONT. UNIV. CATOLICA DE CHILE";"Ciudadanía juvenil: entre la reproducción social y la socialización política"
"372";2019;"UNIV.AUSTRAL DE CHILE";"Sophia 2.0: robust methods based on computational linguistics and machine learning to analyze media pluralism"
"373";2019;"UNIVERSIDAD VIÑA DEL MAR";"La sociedad civil migrante. Un estudio sociológico y feminista desde las ciudades de Valparaíso y Arica"
"374";2019;"UNIV.AUTONOMA DE CHILE";"Explaining clientelism in underprivileged Chile"
"375";2019;"PONT. UNIV. CATOLICA DE CHILE";"Re-contextualizando la desinstitucionalización psiquiátrica en Chile: procesos y tensiones locales, vínculos globales, y oportunidades de avance"
"376";2019;"PONT. UNIV. CATOLICA DE CHILE";"La construcción mediática de la infancia: una aproximación desde lo informativo, lo publicitario y lo institucional"
"377";2019;"UNIV.DE CHILE";"El problema de la autoridad desde la perspectiva de los niños(as): análisis crítico del discurso de niños y niñas de tres estratos socioeconómicos de Santiago de Chile sobre las relaciones de autoridad con el mundo adulto"
