folioproy,nombreInvestigador,instrumento,year,universidad,grupoEstudio,titulo,universidadEscala
1100264,Rodrigo Browne,Regular,2010,UNIV.AUSTRAL DE CHILE,SOCIOLOGIA CS I,Periodismo intercultural: construcción de la noticia a través de un análisis crítico y complejo del discurso en la prensa diaria de cobertura nacional de Chile y Perú. El caso de 'El mercurio' y 'La cuarta' y 'El comercio' y 'Aja',U. Austral de Chile
1100369,Darío Rodríguez,Regular,2010,PONT. UNIV. CATOLICA DE CHILE,SOCIOLOGIA CS I,Elaboración de un modelo explicativo de las gradientes de complejidad de generación de valor social y económico entre OSFL y organizaciones donantes,P. U. Católica de Chile
1100394,Gabriel Castillo,Regular,2010,PONT. UNIV. CATOLICA DE CHILE,SOCIOLOGIA CS I,El ciclo cinematográfico de la televisión chilena (1965-1980): estéticas e imaginarios de la reiteración y el desfase,P. U. Católica de Chile
1100506,Maria Fawaz,Regular,2010,UNIV.DEL BIO-BIO,SOCIOLOGIA CS I,Trabajo femenino y vida familiar en el contexto de la modernización rural. Realidades y representaciones en la provincia de ñuble,Otra universidad
1100523,Modesto Gayo,Regular,2010,UNIV.DIEGO PORTALES,SOCIOLOGIA CS I,La desigualdad cultural y sus determinantes. Un estudio sobre el gusto y la participación cultural en Chile,U. Diego Portales
1100649,Jorge Baeza,Regular,2010,UNIV.CATOLICA CARDENAL SILVA HENRIQUEZ,SOCIOLOGIA CS I,"Vinculaciones entre la construcción y deconstrucción de la confianza y la cohesión social, en jóvenes estudiantes de educación secundaria: lineamientos para fortalecer la democracia",Otra universidad
1100793,Claudia Mora,Regular,2010,UNIV.ALBERTO HURTADO,SOCIOLOGIA CS I,Trayectorias laborales de los inmigrantes peruanos en Chile: estrategias de estructuración de la movilidad ocupacional ascendente,U. Alberto Hurtado
1100811,Ana Vergara,Regular,2010,UNIV.DIEGO PORTALES,SOCIOLOGIA CS I,La infancia en la perspectiva de los niños y niñas. Un estudio discursivo en estrato socioeconómico medio de Santiago de Chile,U. Diego Portales
1100877,Alfredo Joignant,Regular,2010,UNIV.DIEGO PORTALES,SOCIOLOGIA CS I,"Las elites políticas en Chile: sociología del personal gubernamental, parlamentario y partidario (1990-2010)",U. Diego Portales
1100928,Manuel Baeza,Regular,2010,UNIV.DE CONCEPCION,SOCIOLOGIA CS I,Chile hoy: vivencias de alteridades e imaginarios sociales de víctimas de violencia simbólica,U. de Concepción
1110009,Claudia Mellado,Regular,2011,UNIV.DE SANTIAGO DE CHILE,SOCIOLOGIA CS I,"Modelos profesionales de periodismo en Chile: roles institucionales, orientaciones epistemológicas y factores condicionantes de la prensa nacional durante el periodo 1990-2011",U. Santiago de Chile
1110059,Maria Tijoux,Regular,2011,UNIV.DE CHILE,SOCIOLOGIA CS I,"Vida cotidiana de niñas y niños hijos de inmigrantes peruanos en los espacios sociales escolares: capitales, tácticas y estrategias para la integración en Chile",U. de Chile
1110098,Sergio Godoy,Regular,2011,PONT. UNIV. CATOLICA DE CHILE,SOCIOLOGIA CS I,Wip/bit Chile 3.0: incidencia de las tics en la confianza entre personas y organizaciones,P. U. Católica de Chile
1110306,Maria Gronemeyer,Regular,2011,PONT. UNIV. CATOLICA DE CHILE,SOCIOLOGIA CS I,"Estudio de la homogeneidad inter medios e intra medios a la luz de las posturas editoriales y de las fuentes informativas en cinco diarios chilenos, en el marco de la concentración de la propiedad de los medios",P. U. Católica de Chile
1110311,Maria Mujica,Regular,2011,PONT. UNIV. CATOLICA DE CHILE,SOCIOLOGIA CS I,"Recursos melodramáticos en el periodismo televisivo: un análisis de su presencia en los contenidos y en la producción de los noticiarios chilenos y de sus efectos en la valoración, comprensión y retención de información por parte del público",P. U. Católica de Chile
1110350,William Porath,Regular,2011,PONT. UNIV. CATOLICA DE CHILE,SOCIOLOGIA CS I,La personalización de las campañas presidenciales en la prensa chilena: 1970 - 2009,P. U. Católica de Chile
1110363,Maria Puente,Regular,2011,PONT. UNIV. CATOLICA DE CHILE,SOCIOLOGIA CS I,"Elaboración de un modelo de acción periodística profesional para televisión en periodos de catástrofe, a partir del análisis de la cobertura hecha por la canales nacionales para el terremoto del 27 de febrero de 2010",P. U. Católica de Chile
1110402,Pedro Güell,Regular,2011,UNIV.ALBERTO HURTADO,SOCIOLOGIA CS I,Los tiempos del individuo. Investigación sobre las estructuras temporales en que se apoyan las estrategias de individualización en Chile,U. Alberto Hurtado
1110414,Carolina Stefoni,Regular,2011,UNIV.ALBERTO HURTADO,SOCIOLOGIA CS I,La construcción del espacio y del lugar en contextos de migración trasnacional. Espacios públicos y privados de la migración peruana en Chile,U. Alberto Hurtado
1110416,Eduardo Flores,Regular,2011,PONT. UNIV. CATOLICA DE CHILE,SOCIOLOGIA CS I,Observando intervenciones sociales con personas: el caso de las alianzas de colaboración entre organizaciones sin fines de lucro y organizaciones estatales,P. U. Católica de Chile
1110428,Patricio Miranda,Regular,2011,PONT. UNIV. CATOLICA DE CHILE,SOCIOLOGIA CS I,"Instituciones formales y redes informales en políticas públicas. Interferencias procesuales y normativas en políticas de pobreza, obras públicas y medioambiente en Chile",P. U. Católica de Chile
1110437,Aldo Mascareño,Regular,2011,UNIV.ADOLFO IBANEZ,SOCIOLOGIA CS I,Colisión y armonización de regímenes regulatorios en contextos sociales globales,Otra universidad
1110466,Maria Ducci,Regular,2011,PONT. UNIV. CATOLICA DE CHILE,SOCIOLOGIA CS I,Resiliencia y desarrollo local: de cara al desastre natural,P. U. Católica de Chile
1110544,Leandro Sepúlveda,Regular,2011,UNIV.ALBERTO HURTADO,SOCIOLOGIA CS I,"Expectativas, proyectos educativo-laborales y trayectorias post-egreso de jóvenes estudiantes secundarios: un estudio en la región metropolitana",U. Alberto Hurtado
1110553,Pedro Olavarría,Regular,2011,UNIV.ACADEMIA DE HUMANISMO CRISTIANO,SOCIOLOGIA CS I,"Hombres en Chile. Conciliación, corresponsabilidad y uso del tiempo: tensiones y conflictos entre familia y trabajo",Otra universidad
1110733,Kathya Araujo,Regular,2011,UNIV.ACADEMIA DE HUMANISMO CRISTIANO,SOCIOLOGIA CS I,La autoridad y la democratización del lazo social en Chile,Otra universidad
1110973,Miguel Urrutia,Regular,2011,UNIV.DE CHILE,SOCIOLOGIA CS I,"Repertorios de acción sindical bajo condiciones de subcontrato en los sectores cuprífero, forestal y portuario",U. de Chile
1120005,Luisa Delgado,Regular,2012,FUND CENT TRANSDISCIPLINARIO DE ESTUDIOS,SOCIOLOGIA CS I,Desarrollo de un modelo conceptual del sistema complejo sociedad-naturaleza aplicable a zonas rurales: la cuenca del río Cruces,Otra universidad
1120025,Ana Vergara,Regular,2012,UNIV.DIEGO PORTALES,SOCIOLOGIA CS I,La infancia en la perspectiva de los niños y niñas-segunda parte. Un estudio discursivo en diferentes estratos socioeconómicos de Santiago de Chile,U. Diego Portales
1120026,Paulina Salinas,Regular,2012,UNIV.CATOLICA DEL NORTE,SOCIOLOGIA CS I,"Cultura minera y masculinidad: la sub representación de las mujeres en la minería chilena, un obstáculo para el desarrollo sustentable",Otra universidad
1120064,Fidel Del Villar,Regular,2012,UNIV.DE CHILE,SOCIOLOGIA CS I,Navegación por internet: percepción y cognición en población adulta del gran Santiago,U. de Chile
1120159,Won Min,Regular,2012,PONT. UNIV. CATOLICA DE CHILE,SOCIOLOGIA CS I,Cultural differences in greetings we need to be aware of between Chile and Korea,P. U. Católica de Chile
1120296,Rodrigo Uribe,Regular,2012,UNIV.DE CHILE,SOCIOLOGIA CS I,Características de la recepción del product placement dirigido a niños y jóvenes: analizando el caso de la promoción de alimentos y bebidas no saludables,U. de Chile
1120313,Cristian Antoine,Regular,2012,UNIV.DE SANTIAGO DE CHILE,SOCIOLOGIA CS I,Los museos y su público. Evaluación y análisis de la comunicación y gestión de las audiencias museísticas en Chile (2012-2014),U. Santiago de Chile
1120331,Maria Herrera,Regular,2012,PONT. UNIV. CATOLICA DE CHILE,SOCIOLOGIA CS I,Eventos estresantes que ocurren al envejecer: como las relaciones familiares y los recursos sociales moderan el impacto en el bienestar de los mayores,P. U. Católica de Chile
1120401,Isaac Caro,Regular,2012,UNIV.ALBERTO HURTADO,SOCIOLOGIA CS I,"Judaísmo, islam e hinduismo: conflicto y diálogo en argentina y Chile 2001-2011",U. Alberto Hurtado
1120425,Ximena Valdés,Regular,2012,CENTRO DE ESTUD.PARA EL DESARR.DE LA MUJ,SOCIOLOGIA CS I,Cambios en las identidades y relaciones de género en el ámbito rural de Chile central 1940-2010,Otra universidad
1120492,Darío Rodríguez,Regular,2012,UNIV.DIEGO PORTALES,SOCIOLOGIA CS I,Parar la indiferencia: observación del valor compartido en las relaciones de colaboración que establecen empresas con y sin fines de lucro en Chile,U. Diego Portales
1120554,Orlando Vallejos,Regular,2012,UNIV.DE LA FRONTERA,SOCIOLOGIA CS I,Las dimensiones sociales (confianza y comunicación) de los riesgos ecológicos en conflictos socioambientales por energía en Chile: los casos de Castilla e HidroAysén,U. de La Frontera
1120598,Manuel Vivanco,Regular,2012,INST.FILOSOFIA Y CS. DE LA COMPLEJIDAD,SOCIOLOGIA CS I,Estudio de los efectos de la estructuración geográfica sobre la competencia en educación escolar mediante el uso de sistemas de información geográfica y modelamiento basado en agentes,Otra universidad
1120630,Cristian Cox,Regular,2012,PONT. UNIV. CATOLICA DE CHILE,SOCIOLOGIA CS I,Socialización política y experiencia escolar: Chile en contexto internacional,P. U. Católica de Chile
1120662,Cristian Parker,Regular,2012,UNIV.DE SANTIAGO DE CHILE,SOCIOLOGIA CS I,Patrones sociales de consumo de energía: la relevancia de los actores estratégicos en el desafío del desarrollo sustentable en Chile,U. Santiago de Chile
1120700,Gonzalo De La Maza,Regular,2012,UNIV.DE LOS LAGOS,SOCIOLOGIA CS I,"Percepciones, prácticas y representaciones ciudadanas como condiciones de la gobernanza territorial en Chile",U. de Los Lagos
1120790,Rene Montalba,Regular,2012,UNIV.DE LA FRONTERA,SOCIOLOGIA CS I,"Modernización, globalización y riesgo ambiental: identificación de los procesos de adquisición y perdida de la agrobiodiversidad y su relación con el origen étnico de los agricultores. El caso de la Araucanía",U. de La Frontera
1120846,Vicente Espinoza,Regular,2012,UNIV.DE SANTIAGO DE CHILE,SOCIOLOGIA CS I,Incidencia de las redes políticas en los procesos de toma de decisión para la asignación de recursos de desarrollo regional. Los consejos regionales en Chile 2010-2014,U. Santiago de Chile
1120866,Jose Porras,Regular,2012,UNIV.DE LOS LAGOS,SOCIOLOGIA CS I,El impacto de internet en el capital social de comunas aisladas,U. de Los Lagos
1120904,Carlos Del Valle,Regular,2012,UNIV.DE LA FRONTERA,SOCIOLOGIA CS I,Medios de comunicación y poder: discursos de la prensa y de sujetos adultos de la región de la Araucanía sobre justicia/injusticia en torno al conflicto estado-nación y pueblo mapuche,U. de La Frontera
1120926,Oscar Dávila,Regular,2012,CORP. EDUCACION Y DES. SOCIAL,SOCIOLOGIA CS I,Transiciones a la vida adulta: generaciones y cambio social en Chile,Otra universidad
1120979,Viola Espínola,Regular,2012,UNIV.DIEGO PORTALES,SOCIOLOGIA CS I,Liderazgo para el mejoramiento educativo: gestión del cambio para el logro de las metas de aprendizaje de los PME-SEP,U. Diego Portales
1121026,Francisco Donoso,Regular,2012,UNIV.DE LA SERENA,SOCIOLOGIA CS I,"Innovación, fe y proyectos de sociedad: intelectuales evangélicos chilenos como meta minoría activa",Otra universidad
1121107,Eduardo Valenzuela,Regular,2012,PONT. UNIV. CATOLICA DE CHILE,SOCIOLOGIA CS I,Trayectorias delictuales y uso de drogas en infractores adolescentes,P. U. Católica de Chile
1121112,Vicente Sisto,Regular,2012,PONT. UNIV. CATOLICA DE VALPARAISO,SOCIOLOGIA CS I,"La ética de lo público como referencial identitario. Managerialismo e identidad laboral en profesionales del ámbito de la implementación de políticas sociales, salud primaria y educación municipalizada en Chile",U. Católica de Valparaíso
1121124,Claudio Ramos,Regular,2012,UNIV.ALBERTO HURTADO,SOCIOLOGIA CS I,Datos y relatos científico-sociales que dan forma a la realidad social de Chile: estudio de los entrelazamientos constructivos y performativos de la ciencia social,U. Alberto Hurtado
1130098,Modesto Gayo,Regular,2013,UNIV.DIEGO PORTALES,SOCIOLOGIA CS I,Capital cultural y territorio en Chile. La estructuración territorial del espacio social más allá de los capitales,U. Diego Portales
1130156,Sebastián Ureta,Regular,2013,UNIV.ALBERTO HURTADO,SOCIOLOGIA CS I,El desecho de Chile: un análisis sociotécnico de prácticas y políticas respecto del manejo de relaves mineros en las últimas dos décadas,U. Alberto Hurtado
1130203,Maria Tijoux,Regular,2013,UNIV.DE CHILE,SOCIOLOGIA CS I,"Inmigrantes ""negros"" en Chile: practicas cotidianas de racializacion/sexualización",U. de Chile
1130276,Emmanuelle Barozet,Regular,2013,UNIV.DE CHILE,SOCIOLOGIA CS I,Justicia social y tolerancia a la desigualdad: análisis subjetivo de la diferenciación social en un régimen neoliberal maduro,U. de Chile
1130294,Teresa Ayala,Regular,2013,UNIV.METROPOLITANA DE CS.DE LA EDUCACION,SOCIOLOGIA CS I,"Uso de la web, competencias, motivación y actitud de los estudiantes de pedagogía del área de humanidades respecto de las tic y la cultura digital",Otra universidad
1130296,Gonzalo Falabella,Regular,2013,UNIV.DE CHILE,SOCIOLOGIA CS I,¿cuánto conocimiento transfiere el sector offshore y cadenas anexas al desarrollo de la región metropolitana?,U. de Chile
1130542,Lucy Ketterer,Regular,2013,UNIV.DE LA FRONTERA,SOCIOLOGIA CS I,Violencia de género y sus representaciones sociales en el territorio wenteche de la región de la Araucanía,U. de La Frontera
1130559,Jorge Gibert,Regular,2013,UNIV.DE VALPARAISO,SOCIOLOGIA CS I,Estudio socio-económico de grupos de investigación avanzada y sus redes de colaboración con la industria en las áreas de ingeniería de software y biotecnología,U. de Valparaíso
1130642,Carolina Stefoni,Regular,2013,UNIV.ALBERTO HURTADO,SOCIOLOGIA CS I,"Migrantes latinoamericanos en Chile: precariedad laboral e informalidad en enclaves étnicos, agricultura y construcción",U. Alberto Hurtado
1130738,Manuel Baeza,Regular,2013,UNIV.DE CONCEPCION,SOCIOLOGIA CS I,Construcción imaginario social de la desconfianza y su relación con el descontento en el Chile actual,U. de Concepción
1130779,Claudia Mora,Regular,2013,UNIV.ANDRES BELLO,SOCIOLOGIA CS I,Nuevas formas de pensar en la estratificación social: la intersección clase/género en el mercado laboral chileno,U. Andrés Bello
1130800,Oscar Mac-Clure,Regular,2013,UNIV.DE LOS LAGOS,SOCIOLOGIA CS I,Juicios sobre las desigualdades en las clases medias: para una sociología de la crítica en Chile,U. de Los Lagos
1130860,Dariela Sharim,Regular,2013,PONT. UNIV. CATOLICA DE CHILE,SOCIOLOGIA CS I,"Los vínculos de pareja en el Chile de hoy: amor, sexualidad e intimidad",P. U. Católica de Chile
1130864,Nicolas Bronfman,Regular,2013,UNIV.ANDRES BELLO,SOCIOLOGIA CS I,Towards a comprehensive appraisal of risks from natural hazards in Chile,U. Andrés Bello
1130890,Virginia Guzmán,Regular,2013,CENTRO DE ESTUDIOS DE LA MUJER SOC.LTDA,SOCIOLOGIA CS I,"Interrelaciones entre discursos, normas y practicas sociales en la reproducción y cambio de las desigualdades de género",Otra universidad
1130903,Christian Retamal,Regular,2013,UNIV.DE SANTIAGO DE CHILE,SOCIOLOGIA CS I,La globalización y su acción formativa sobre el ethos de la modernidad. Explicación e interpretación a través de los tonos emocionales y transiciones ontológicas emergentes,U. Santiago de Chile
1130918,Erwin Krauskopf,Regular,2013,UNIV.ANDRES BELLO,SOCIOLOGIA CS I,Identificación de elementos críticos que influyen en el factor impacto de las revistas chilenas de corriente principal,U. Andrés Bello
1130921,Rodrigo Browne,Regular,2013,UNIV.AUSTRAL DE CHILE,SOCIOLOGIA CS I,"Análisis crítico y complejo del discurso periodístico verbo visual de la representación intercultural limítrofe/liminal en la prensa boliviana, chilena y peruana sobre el diferendo marítimo internacional de la haya",U. Austral de Chile
1131018,Miguel Urrutia,Regular,2013,UNIV.DE CHILE,SOCIOLOGIA CS I,Los repertorios de acción sindical frente a las transformaciones del mundo del trabajo en Chile (1990-2014). Estudio en las 15 regiones del país,U. de Chile
1131099,Pablo Villarroel,Regular,2013,UNIV.AUSTRAL DE CHILE,SOCIOLOGIA CS I,Comunicación publica de la ciencia y modernización reflexiva: estudio de los fenómenos de reflexividad y ambivalencia en las actitudes publicas hacia la ciencia en Chile en el marco de conflictos y problemas ambientales,U. Austral de Chile
1131115,Pablo Julio,Regular,2013,PONT. UNIV. CATOLICA DE CHILE,SOCIOLOGIA CS I,"El desafío de la televisión y el cambio de las audiencias para el teatro y el cine. Un caso de estudio: la escuela de las artes de la comunicación UC, 1968-1978. La interdisciplina como antecedente de la intermedialidad",P. U. Católica de Chile
1131128,Carolina Muñoz,Regular,2013,PONT. UNIV. CATOLICA DE CHILE,SOCIOLOGIA CS I,Juicio profesional y toma de decisiones sobre familias con necesidades complejas,P. U. Católica de Chile
1131132,Maria Picazo,Regular,2013,UNIV.DE CONCEPCION,SOCIOLOGIA CS I,Acción colectiva y políticas públicas en perspectiva: lecciones a partir del movimiento educacional chileno,U. de Concepción
1131134,Francisco Ganga,Regular,2013,UNIV.DE LOS LAGOS,SOCIOLOGIA CS I,Sistemas de gobierno de las universidades iberoamericanas: un análisis desde la teoría de agencia,U. de Los Lagos
1131144,Jorge Pávez,Regular,2013,UNIV.ALBERTO HURTADO,SOCIOLOGIA CS I,"Imaginarios del género, representaciones del cuerpo y mercados del sexo en Chile (siglo XX)",U. Alberto Hurtado
1140020,Enrique Fernández,Regular,2014,UNIV.DE TARAPACA,SOCIOLOGIA CS I,Comunidades epistémicas internacionales: formación de redes científicas chileno-alemanas 1950-2010,Otra universidad
1140055,Kathya Araujo,Regular,2014,UNIV.DE SANTIAGO DE CHILE,SOCIOLOGIA CS I,"El trabajo de los individuos y la constitución de sujetos en la sociedad chilena: ideales normativos, experiencias sociales y anclajes existenciales",U. Santiago de Chile
1140061,Maria Correa,Regular,2014,UNIV.DIEGO PORTALES,SOCIOLOGIA CS I,Inclusión digital en Chile: determinantes de adopción y uso de tics en localidades aisladas,U. Diego Portales
1140078,Tomas Ariztia,Regular,2014,UNIV.DIEGO PORTALES,SOCIOLOGIA CS I,Culturas de evaluación y cualificación en el mundo económico. Un análisis exploratorio de las prácticas y dispositivos de producción de conocimiento sobre el consumidor,U. Diego Portales
1140106,Darío Rodríguez,Regular,2014,UNIV.DIEGO PORTALES,SOCIOLOGIA CS I,Demandas por cambios constitucionales y sociedad mundial,U. Diego Portales
1140107,Esteban Calvo,Regular,2014,UNIV.DIEGO PORTALES,SOCIOLOGIA CS I,When does retirement maximize health outcomes and behaviors?,U. Diego Portales
1140136,Maria Méndez,Regular,2014,UNIV.DIEGO PORTALES,SOCIOLOGIA CS I,"Clase media alta en Chile hoy: sobre las viejas y nuevas barreras, prácticas y costos de la reproducción de la posición de clase",U. Diego Portales
1140344,Rodrigo Cofre,Regular,2014,UNIV.ANDRES BELLO,SOCIOLOGIA CS I,Las formas y las disputas de la memoria. Un análisis sociológico sobre la controversia en torno al museo de la memoria y los derechos humanos,U. Andrés Bello
1140579,Maria Fawaz,Regular,2014,UNIV.DEL BIO-BIO,SOCIOLOGIA CS I,"Reconfiguraciones socioespaciales, estructurales y simbólicas de la población, los modos de vida, el trabajo y la familia en el marco de las nuevas relaciones rural/urbanas. Perspectivas y aportes desde la región del Bio-bio",Otra universidad
1140596,Leandro Sepúlveda,Regular,2014,UNIV.ALBERTO HURTADO,SOCIOLOGIA CS I,Modelos de trayectorias y desenlace educativo-laboral de jóvenes; un estudio longitudinal en la región metropolitana,U. Alberto Hurtado
1140602,Álvaro Soto,Regular,2014,UNIV.ALBERTO HURTADO,SOCIOLOGIA CS I,La construcción de identidades laborales en escenarios de trabajo heterogéneos: estudio en el sector publico,U. Alberto Hurtado
1140679,Luis Thayer,Regular,2014,UNIV.CENTRAL DE CHILE,SOCIOLOGIA CS I,"Estado chileno e inmigrantes latinoamericanos frente a frente, reconocimiento, respeto y expectativas de incorporación",Otra universidad
1140928,Marisol Facuse,Regular,2014,UNIV.DE CHILE,SOCIOLOGIA CS I,"El mundo de las músicas inmigrantes latinoamericanas en Chile: identidades, sociabilidades y mestizajes culturales",U. de Chile
1140930,Catalina Arteaga,Regular,2014,UNIV.DE CHILE,SOCIOLOGIA CS I,Experiencias posicionales: subjetividades en la transformación social de Chile,U. de Chile
1140935,Bernardo Amigo,Regular,2014,UNIV.DE CHILE,SOCIOLOGIA CS I,Convergencia mediático tecnológica y vida cotidiana: transformaciones socioculturales del Chile contemporáneo,U. de Chile
1140990,William Porath,Regular,2014,PONT. UNIV. CATOLICA DE CHILE,SOCIOLOGIA CS I,"Marcos de sentido y representaciones de la publicidad del retail chileno: 1980-2013, continuidades y cambios",P. U. Católica de Chile
1141001,Alejandro Pelfini,Regular,2014,UNIV.ALBERTO HURTADO,SOCIOLOGIA CS I,"La transformación de las elites en una sociedad emergente. Distinción, tolerancia y transnacionalización de las elites empresariales chilenas",U. Alberto Hurtado
1141011,Claudia Sepúlveda,Regular,2014,UNIV.DE LA FRONTERA,SOCIOLOGIA CS I,Nuevas prácticas sociales de relación con los humedales de valdivia: un enfoque posthumanista para trazar los efectos locales del desastre ecológico del rio cruces,U. de La Frontera
1141087,Eduardo Flores,Regular,2014,UNIV.TECNOLOGICA DE CHILE INACAP,SOCIOLOGIA CS I,"Cumplir la promesa de la solidaridad: un análisis de la producción y uso de la evidencia en los procesos de diseño, ejecución y evaluación de las prácticas de intervención social con población en situación de vulnerabilidad en Chile",Otra universidad
1141157,Carlos De Mattos,Regular,2014,PONT. UNIV. CATOLICA DE CHILE,SOCIOLOGIA CS I,Nueva geografía de la urbanización y vulnerabilidad socio-territorial. ¿hacia la configuración de una región urbana en Santiago de Chile?,P. U. Católica de Chile
1141249,Rene Montalba,Regular,2014,UNIV.DE LA FRONTERA,SOCIOLOGIA CS I,"Resiliencia socio ecológica de sistemas agrícolas tradicionales y modernos: identificación de modos de organización, técnicas y prácticas culturales para enfrentar el cambio climático y la escasez hídrica en la Araucanía",U. de La Frontera
1141289,Luis Nitrihual,Regular,2014,UNIV.DE LA FRONTERA,SOCIOLOGIA CS I,"El imaginario social estado-nación y la iglesia católica en la crítica literaria periodística publicada en el diario El Mercurio por Omer Emeth, Alone e Ignacio Valente, durante el siglo XX",U. de La Frontera
1141306,Bernardo Guerrero,Regular,2014,UNIV.ARTURO PRAT,SOCIOLOGIA CS I,"Dinámicas identitarias en el norte grande de Chile: nación, región y religiosidad popular",Otra universidad
1150055,Paulina Salinas,Regular,2015,UNIV.CATOLICA DEL NORTE,SOCIOLOGIA CS I,"Género, trabajo y minería: proyección laboral de las mujeres en la minería chilena y su relación con los centros de educación superior y sindicatos mineros",Otra universidad
1150057,Isaac Caro,Regular,2015,UNIV.ALBERTO HURTADO,SOCIOLOGIA CS I,Antisemitismo e islamofobia como formas de intolerancia religiosa y cultural en las primeras décadas del siglo XXI. Los casos de Argentina y Chile,U. Alberto Hurtado
1150153,Claudia Mellado,Regular,2015,PONT. UNIV. CATOLICA DE VALPARAISO,SOCIOLOGIA CS I,"Roles profesionales y su materialización en el contenido noticioso del periodismo chileno: un estudio comparado de la televisión, prensa online, prensa escrita, radio y redes sociales",U. Católica de Valparaíso
1150217,Maria Gronemeyer,Regular,2015,PONT. UNIV. CATOLICA DE CHILE,SOCIOLOGIA CS I,Tendencias en la cobertura periodística de política y gobierno: análisis de la homogeneidad/diversidad en los encuadres de la información aportada por las fuentes de noticias en la prensa chilena,P. U. Católica de Chile
1150250,Verónica Gómez,Regular,2015,UNIV.AUTONOMA DE CHILE,SOCIOLOGIA CS I,Trabajo y familia: hacia un modelo para el establecimiento de una agenda nacional de equilibrio y co-responsabilidad en materia laboral y familiar en Chile,Otra universidad
1150310,Maria Puente,Regular,2015,PONT. UNIV. CATOLICA DE CHILE,SOCIOLOGIA CS I,"Puntos ciegos y tensiones sobre la función periodística en noticias de emergencia: análisis comparado de percepciones y expectativas de expertos/responsables en gestión de emergencias, periodistas y audiencia sobre el trabajo periodístico en desastre",P. U. Católica de Chile
1150319,Manuel Tironi,Regular,2015,PONT. UNIV. CATOLICA DE CHILE,SOCIOLOGIA CS I,Vidas tóxicas: contaminación atmosférica y regímenes de existencia en Puchuncaví,P. U. Católica de Chile
1150379,Ingrid Bachmann,Regular,2015,PONT. UNIV. CATOLICA DE CHILE,SOCIOLOGIA CS I,"El todo, la parte y la contraparte: incidencia de la ejemplificación como estrategia argumental de lo particular en la cobertura periodística chilena",P. U. Católica de Chile
1150526,Jose Weinstein,Regular,2015,UNIV.DIEGO PORTALES,SOCIOLOGIA CS I,Confianza relacional en escuelas públicas y privadas subvencionadas. Un estudio en escuelas básicas de la región de Valparaíso,U. Diego Portales
1150545,Luis Cárcamo,Regular,2015,UNIV.AUSTRAL DE CHILE,SOCIOLOGIA CS I,Redes sociales y medios de comunicación: modelo de análisis de basado en minería de datos para la comprensión del ecosistema informativo chileno en internet y la educomunicación ciudadana en la red,U. Austral de Chile
1150554,Maria Herrera,Regular,2015,UNIV.DIEGO PORTALES,SOCIOLOGIA CS I,Convertirse en padre hoy: experiencias masculinas de transición a la paternidad en Chile,U. Diego Portales
1150562,Javier Mateos,Regular,2015,UNIV.DE CHILE,SOCIOLOGIA CS I,La representación de la historia reciente de Chile en las series de ficción nacionales de máxima audiencia y su recepción en el público juvenil,U. de Chile
1150576,Orlando Vallejos,Regular,2015,UNIV.DE LA FRONTERA,SOCIOLOGIA CS I,La construcción social del riesgo: hacia una configuración diferenciada de los riesgos y peligros en el Chile del siglo XXI,U. de La Frontera
1150607,Cristian Parker,Regular,2015,UNIV.DE SANTIAGO DE CHILE,SOCIOLOGIA CS I,"Multiplicidad de actores, conocimiento y gobernanza en la transición energética: casos comparados en Chile y Argentina",U. Santiago de Chile
1150646,Ximena Valdés,Regular,2015,CENTRO DE ESTUD.PARA EL DESARR.DE LA MUJ,SOCIOLOGIA CS I,Trayectoria e incidencia de la organización social y acción colectiva de las mujeres rurales en Chile,Otra universidad
1150666,Carlos Del Valle,Regular,2015,UNIV.DE LA FRONTERA,SOCIOLOGIA CS I,"La construcción del imaginario social de la justicia en los relatos periodísticos publicados por el diario el mercurio de Chile, entre 1850 y 2014, en el contexto del conflicto estado-nación y pueblo mapuche: continuidades y cambios",U. de La Frontera
1150684,Esteban Valenzuela,Regular,2015,UNIV.ALBERTO HURTADO,SOCIOLOGIA CS I,Movimientos regionalistas y transformaciones políticas en Chile 2011-2016: entre la cooptación y el poder autónomo,U. Alberto Hurtado
1150790,Alfredo Joignant,Regular,2015,UNIV.DIEGO PORTALES,SOCIOLOGIA CS I,Los dos carismas. La construcción social retrospectiva del carisma individual y la desacralización del carisma institucional en Chile (1970-2014),U. Diego Portales
1150808,Oscar Mac-Clure,Regular,2015,UNIV.DE LOS LAGOS,SOCIOLOGIA CS I,Desigualdades sociales en Chile: ¿qué influye en lo considerado justo o injusto?,U. de Los Lagos
1150812,Humberto Dilla,Regular,2015,UNIV.ARTURO PRAT,SOCIOLOGIA CS I,La regionalización transfronteriza en el norte de Chile: una gestión para el desarrollo,Otra universidad
1150860,Helia Henriquez,Regular,2015,UNIV.DE CHILE,SOCIOLOGIA CS I,El conflicto sindical chileno: las modalidades que asume y el sentido que le imputan los actores,U. de Chile
1151063,Claudia Cerda,Regular,2015,UNIV.DE CHILE,SOCIOLOGIA CS I,Exploring human-wildlife relationships in Chile: a multi-stakeholder perspective to wildlife conservation management,U. de Chile
1151112,Carolina Benavente,Regular,2015,UNIV.DE VALPARAISO,SOCIOLOGIA CS I,"Consagración cultural, espectáculo y mujer en América Latina: Carmen Miranda, Yma Súmac y Eva Perón",U. de Valparaíso
1151209,Vicente Sisto,Regular,2015,PONT. UNIV. CATOLICA DE VALPARAISO,SOCIOLOGIA CS I,"Vidas académicas, instituciones en disputa: la organización del trabajo y la subjetividad académica en un contexto de transformación",U. Católica de Valparaíso
1151215,Gonzalo De La Maza,Regular,2015,UNIV.DE LOS LAGOS,SOCIOLOGIA CS I,Lo que los conflictos producen: configuraciones y dinámicas de la conflictividad socio territorial en Chile y sus consecuencias sobre las políticas públicas y los territorios,U. de Los Lagos
1151503,Stephanie Alenda,Regular,2015,UNIV.ANDRES BELLO,SOCIOLOGIA CS I,Explicando el cambio partidario desde una sociología institucional y del entorno: el caso de estudio de las derechas chilenas,U. Andrés Bello
1160050,Lorena Antezana,Regular,2016,UNIV.DE CHILE,SOCIOLOGIA CS I,Imágenes de la memoria: lecturas generacionales de series de ficción televisiva sobre el pasado reciente de Chile,U. de Chile
1160186,Beatriz Cid,Regular,2016,UNIV.DE CONCEPCION,SOCIOLOGIA CS I,Cartografías de economías heterogéneas: estudio de casos en las regiones del Biobío y Valparaíso,U. de Concepción
1160240,Maria Correa,Regular,2016,UNIV.DE CHILE,SOCIOLOGIA CS I,Persuasión no argumentativa aplicada a promoción de salud: análisis de la dimensión ética y evaluación de su eficacia,U. de Chile
1160308,Nicolas Somma,Regular,2016,PONT. UNIV. CATOLICA DE CHILE,SOCIOLOGIA CS I,Dinámicas de la participación en la protesta: un estudio comparado de Chile y Argentina,P. U. Católica de Chile
1160602,Adela Montero,Regular,2016,UNIV.DE CHILE,SOCIOLOGIA CS I,"Representaciones discursivas sobre derechos y deberes profesionales, institucionales y rol del estado, relacionadas con la objeción de conciencia sanitaria y despenalización de la interrupción voluntaria del embarazo, por tres causales en Chile",U. de Chile
1160637,Rubén Dittus,Regular,2016,UNIV.CENTRAL DE CHILE,SOCIOLOGIA CS I,"La formación del guionista en Chile: análisis de los enfoques curriculares y modelos de evaluación de la escritura para cine, televisión y transmedia",Otra universidad
1160650,Ana Vergara,Regular,2016,UNIV.DIEGO PORTALES,SOCIOLOGIA CS I,"La relación entre padres e hijos(as) en la perspectiva de niños(as) y adultos. Un estudio discursivo en Santiago, Chile",U. Diego Portales
1160742,Paula Vidal,Regular,2016,UNIV.DE CHILE,SOCIOLOGIA CS I,"Planes sociales de empleo y protección social para la (des)igualdad: los casos de Brasil, Chile y Venezuela",U. de Chile
1160857,Gustavo Blanco,Regular,2016,UNIV.AUSTRAL DE CHILE,SOCIOLOGIA CS I,La vida social de la energía: trayectorias territoriales de la energía en tres regiones del sur-austral de Chile,U. Austral de Chile
1160869,Pamela Zapata,Regular,2016,UNIV.DE TARAPACA,SOCIOLOGIA CS I,Social relations and interactions among the children of immigrants and the children of chileans in schools in Arica: construction of a habitus in everyday school life,Otra universidad
1160921,Juan Castillo,Regular,2016,UNIV.DE CHILE,SOCIOLOGIA CS I,Economía moral de la meritocracia y preferencias redistributivas,U. de Chile
1160955,Gabriel Castillo,Regular,2016,PONT. UNIV. CATOLICA DE CHILE,SOCIOLOGIA CS I,"Intermedialidad, utopía y anticipación tecnológica en el imaginario chileno republicano (1870-1978)",P. U. Católica de Chile
1160984,Emmanuelle Barozet,Regular,2016,UNIV.DE CHILE,SOCIOLOGIA CS I,"¿""Malas prácticas"" o ""aceitar la máquina""? Las instituciones informales en tiempos de cambios políticos y su impacto en la democracia chilena (2016-2019)",U. de Chile
1161126,Oscar Aguilera,Regular,2016,UNIV.DE CHILE,SOCIOLOGIA CS I,"La construcción visual de la juventud en Chile. Canon de representación, intermedialidad y sensorium a partir de las imágenes visuales de publicaciones periódicas y archivos fotográficos (1910-1973)",U. de Chile
1161253,Juan Fierro,Regular,2016,UNIV.DE LA FRONTERA,SOCIOLOGIA CS I,"La construcción socioimaginaria del estado y la democracia en el discurso de las memorias personales de actores políticos, militares y religiosos de la esfera pública chilena, escritas en el contexto de la dictadura y publicadas entre 1987 y 2011",U. de La Frontera
1161347,Dasten Julián,Regular,2016,UNIV.CATOLICA DE TEMUCO,SOCIOLOGIA CS I,"Cartografía de la(s) precariedad(es) laboral(es) y las relaciones laborales de la zona centro sur. Tipología del trabajo precario y su incidencia en la práctica sindical en las regiones del Maule, Biobío y la Araucanía",U. Católica de Temuco
1161353,Francisco Ganga,Regular,2016,UNIV.DE TARAPACA,SOCIOLOGIA CS I,Formas de gobierno y modelos de valoración del desempeño universitario en Iberoamérica: un estudio bajo un enfoque organizacional multi-teórico,Otra universidad
1161532,Chiara Sáez,Regular,2016,UNIV.DE CHILE,SOCIOLOGIA CS I,"Hacia una sociología de la cultura popular ausente. Corporalidad, representación y mediatización de 'lo popular reprimido' y 'lo popular no representado' en Santiago de Chile (1810-1925)",U. de Chile
1161624,Mauricio Salgado,Regular,2016,UNIV.ANDRES BELLO,SOCIOLOGIA CS I,"Antecedent social factors of moral behaviour: expectations, decisions and justificatory principles in social dilemmas",U. Andrés Bello
1170078,Mahia Saracostti,Regular,2017,UNIV.DE VALPARAISO,SOCIOLOGIA CS I,"Análisis, validación y evaluación de un modelo de colaboración familia-escuela para la promoción del involucramiento familiar y el desarrollo integral de la niñez. Desde la literatura científica internacional a la generación de evidencia en Chile",U. de Valparaíso
1170153,Sebastián Ureta,Regular,2017,UNIV.ALBERTO HURTADO,SOCIOLOGIA CS I,Entierrando el antropoceno: ensamblando nuevos ecosistemas desde suelos degradados en la región de Atacama,U. Alberto Hurtado
1170246,Maria Pellegrini,Regular,2017,PONT. UNIV. CATOLICA DE CHILE,SOCIOLOGIA CS I,Transcurso y metamorfosis de la cobertura informativa de desastres: alteraciones y modificaciones de los objetivos informativos en las distintas fases y tipos de desastres,P. U. Católica de Chile
1170324,Maria Correa,Regular,2017,UNIV.DIEGO PORTALES,SOCIOLOGIA CS I,Inclusión digital móvil: oportunidades y desafíos del acceso y uso de internet a través del teléfono en Chile,U. Diego Portales
1170371,Maria Da Rocha,Regular,2017,UNIV.AUTONOMA DE CHILE,SOCIOLOGIA CS I,"Las elites académicas universitarias en Chile. Un estudio sobre los perfiles, vivencias y percepciones sobre el éxito del alumnado y el rol de las instituciones universitarias de élite en los procesos de reproducción y movilidad social",Otra universidad
1170417,Caterine Galaz,Regular,2017,UNIV.DE CHILE,SOCIOLOGIA CS I,Acción pública y diversidad sexual en Chile: construcciones sociales en democracia (1990-2016),U. de Chile
1170477,Claudio Ramos,Regular,2017,UNIV.ALBERTO HURTADO,SOCIOLOGIA CS I,"La gubernamentalidad del sistema educacional chileno y su dispositivo evaluador: redes de producción, decisiones controversiales y efectos performativos (1968-2019)",U. Alberto Hurtado
1170479,Luis Thayer,Regular,2017,UNIV.CENTRAL DE CHILE,SOCIOLOGIA CS I,Condiciones institucionales y consecuencias subjetivas de la producción del estatus legal precario en los migrantes en Chile,Otra universidad
1170493,Lorena Gallardo,Regular,2017,UNIV.DE TARAPACA,SOCIOLOGIA CS I,Envejecimiento en el lugar: la influencia del ambiente residencial y la pertenencia étnica en el envejecimiento exitoso en personas mayores aymaras y mapuches de Chile,Otra universidad
1170532,Luisa Delgado,Regular,2017,FUND CENT TRANSDISCIPLINARIO DE ESTUDIOS,SOCIOLOGIA CS I,Modelos conceptuales del sistema complejo sociedad-naturaleza: abriendo caminos hacia nuevas formas de construcción del desarrollo rural en Chile,Otra universidad
1170725,Maria Mujica,Regular,2017,PONT. UNIV. CATOLICA DE CHILE,SOCIOLOGIA CS I,"Recursos melodramáticas y noticias televisivas: activación, disfrute identificación y contagio emocional como elementos explicadores de los efectos del melodrama sobre la recordación y comprensión de información",P. U. Católica de Chile
1170843,William Porath,Regular,2017,PONT. UNIV. CATOLICA DE CHILE,SOCIOLOGIA CS I,Cambios en los debates presidenciales en televisión en Chile (1989 - 2017): el rol de los periodistas y el contenido de las respuestas de los candidatos,P. U. Católica de Chile
1170947,Iskra Pávez,Regular,2017,UNIV.BERNARDO O'HIGGINS,SOCIOLOGIA CS I,"Múltiples violencias que afectan a las niñas y los niños migrantes en Chile: derechos, intervenciones sociales y políticas públicas",Otra universidad
1171025,Kirsten Sehnbruch,Regular,2017,UNIV.DIEGO PORTALES,SOCIOLOGIA CS I,Expanding social indicators research: the quality of employment in developing countries,U. Diego Portales
1171071,Maria Herrera,Regular,2017,PONT. UNIV. CATOLICA DE CHILE,SOCIOLOGIA CS I,Comprendiendo la dinámica de la abuelidad y su relación con el bienestar de las personas mayores en Chile,P. U. Católica de Chile
1171072,Mónica Gerber,Regular,2017,UNIV.DIEGO PORTALES,SOCIOLOGIA CS I,"Justicia, legitimidad y cambio social: acerca de la interacción entre justicia distributiva y procedimental",U. Diego Portales
1171088,Álvaro Soto,Regular,2017,UNIV.ALBERTO HURTADO,SOCIOLOGIA CS I,Subjetividades en el trabajo en red: las identidades laborales de trabajadores de redes surgidas de alianzas público-privadas (redes app) en Chile,U. Alberto Hurtado
1171144,Rene Montalba,Regular,2017,UNIV.DE LA FRONTERA,SOCIOLOGIA CS I,Efectos locales de la compra de tierras a comunidades mapuche en la Araucanía: un análisis socioecológico y de calidad de vida humana,U. de La Frontera
1171426,Vicente Espinoza,Regular,2017,UNIV.DE SANTIAGO DE CHILE,SOCIOLOGIA CS I,La estructura de la sociabilidad en Chile y sus consecuencias para nuestra convivencia. Análisis longitudinal de redes sociales,U. Santiago de Chile
1171776,Manuel Canales,Regular,2017,UNIV.DE CHILE,SOCIOLOGIA CS I,"Trayectorias, oportunidades y expectativas educacionales post-secundarias de jóvenes chilenos. Hacia una comprensión del soporte socio-cultural del mercado de la educación superior",U. de Chile
1180016,Paulina Salinas,Regular,2018,UNIV.CATOLICA DEL NORTE,SOCIOLOGIA CS I,Segregación ocupacional por sexo: etnografía de las interacciones simbólicas y no simbólicas en la formación técnica y/o universitaria para la minería mixta del 2035,Otra universidad
1180038,Jeanne Hersant,Regular,2018,UNIV.DE PLAYA ANCHA CS. EDUCACION,SOCIOLOGIA CS I,Reformas judiciales y acceso a la justicia en Chile: desde la sociología del actuar y la recepción judicial (2000-2020),Otra universidad
1180079,Jimena Silva,Regular,2018,UNIV.CATOLICA DEL NORTE,SOCIOLOGIA CS I,Mercantilización de las emociones. El lugar simbólico de las trabajadoras sexuales en las emociones de los hombres de la gran minería del cobre,Otra universidad
1180115,Tomas Ariztia,Regular,2018,UNIV.DIEGO PORTALES,SOCIOLOGIA CS I,La vida social de las prácticas y tecnologías para el consumo sustentable: una mirada sociológica a la autogeneración energética y el reciclaje doméstico,U. Diego Portales
1180129,Carla Fardella,Regular,2018,UNIV.ANDRES BELLO,SOCIOLOGIA CS I,"El trabajo científico en Chile: instrumentos de acción pública, prácticas de producción científica e identidades laborales",U. Andrés Bello
1180200,Guillermo Ronda,Regular,2018,UNIV.CATOLICA DEL NORTE,SOCIOLOGIA CS I,Análisis del impacto relativo del sistema de ciencia chileno 2010-2017. Un enfoque libre de escala,Otra universidad
1180338,Kathya Araujo,Regular,2018,UNIV.DE SANTIAGO DE CHILE,SOCIOLOGIA CS I,Problematizaciones del individualismo en América del Sur,U. Santiago de Chile
1180359,Luis Bahamondes,Regular,2018,UNIV.ALBERTO HURTADO,SOCIOLOGIA CS I,"Nuevas mercancías y servicios religiosos en Santiago: prácticas, consumo y resignificaciones de lo sagrado",U. Alberto Hurtado
1180443,Claudia Mellado,Regular,2018,PONT. UNIV. CATOLICA DE VALPARAISO,SOCIOLOGIA CS I,"Prácticas, discursos y redefinición de roles periodísticos en redes sociales: un estudio comparado en las plataformas digitales de Twitter e Instagram",U. Católica de Valparaíso
1180496,Gonzalo De La Maza,Regular,2018,UNIV.DE LOS LAGOS,SOCIOLOGIA CS I,¿De la dispersión a la acumulación? Consecuencias políticas de los conflictos socio-territoriales en perspectiva comparada (Chile-Perú),U. de Los Lagos
1180590,Pamela Caro,Regular,2018,UNIV.SANTO TOMAS,SOCIOLOGIA CS I,"Fracturas al orden de género en la gran minería en Chile: trayectorias personales y ocupacionales de mujeres en cargos no tradicionales, ejecutivos u operarios, analizados desde la interseccionalidad",Otra universidad
1180847,Juan Sandoval,Regular,2018,UNIV.DE VALPARAISO,SOCIOLOGIA CS I,Análisis de los discursos de jóvenes universitarios que participan y no participan en manifestaciones estudiantiles de Santiago y Valparaíso acerca de la legitimidad del sistema y la legitimidad de las acciones de protesta del movimiento estudiantil,U. de Valparaíso
1180887,Octavio Avendaño,Regular,2018,UNIV.ALBERTO HURTADO,SOCIOLOGIA CS I,Intereses y controversias en torno al agua. Los grupos de interés y la reforma al código de aguas,U. Alberto Hurtado
1180892,Luis Nitrihual,Regular,2018,UNIV.DE LA FRONTERA,SOCIOLOGIA CS I,El imaginario social de la nación en la crítica literaria periodística publicada en la prensa chilena durante el periodo de la unidad popular (1970-1973),U. de La Frontera
1181009,Esteban Calvo,Regular,2018,UNIV.MAYOR,SOCIOLOGIA CS I,Can society turn wine into water? Cross-national life-course research on the social variations in the association between drinking behavior and healthy aging,Otra universidad
1181041,Antonio Stecher,Regular,2018,UNIV.DIEGO PORTALES,SOCIOLOGIA CS I,"Trabajo y construcción de identidades en trabajadores de la industria del retail en Chile. Estudio en 3 ciudades sobre contextos regionales productivos, narrativas identitarias, formas de reconocimiento, control managerial y organización sindical",U. Diego Portales
1181065,Cristian Parker,Regular,2018,UNIV.DE SANTIAGO DE CHILE,SOCIOLOGIA CS I,La producción del conocimiento sociotécnico en contextos de evaluación ambiental,U. Santiago de Chile
1181239,Cristian Cox,Regular,2018,UNIV.DIEGO PORTALES,SOCIOLOGIA CS I,Socialización política y educación para la ciudadanía: el rol de la familia y de la escuela,U. Diego Portales
1181493,Roberto Fernández,Regular,2018,UNIV.DE CHILE,SOCIOLOGIA CS I,Memorias políticas que activistas de diferentes generaciones construyen sobre la politización de la sociedad chilena en el pasado reciente,U. de Chile
1181503,Marjorie Murray,Regular,2018,PONT. UNIV. CATOLICA DE CHILE,SOCIOLOGIA CS I,"Parenting at the crossroads: a study of early childhood, care and mobility in an intercultural context in Santiago de Chile",P. U. Católica de Chile
1181533,Juan Oyanedel,Regular,2018,UNIV.ANDRES BELLO,SOCIOLOGIA CS I,The institutional basis of subjective wellbeing: understanding the role of trust in the criminal justice system and ontological security in comparative perspective,U. Andrés Bello
1181585,Rodrigo Cordero,Regular,2018,UNIV.DIEGO PORTALES,SOCIOLOGIA CS I,Constitución política y reprogramación del orden social: un estudio sobre la producción de conceptos de sociedad en la discusión y redacción de la constitución chilena de 1980,U. Diego Portales
1181600,Daniel Halpern,Regular,2018,PONT. UNIV. CATOLICA DE CHILE,SOCIOLOGIA CS I,Riesgos y oportunidades del uso de tics en escolares: hacia una agenda de alfabetización digital para el alumno 2020,P. U. Católica de Chile
1181901,Sandra Leiva,Regular,2018,UNIV.ARTURO PRAT,SOCIOLOGIA CS I,Cadenas transfronterizas de cuidado entre Chile y Bolivia: trabajo de cuidado y emociones en un contexto de movilidad circular,Otra universidad
1190013,Verónica Gómez,Regular,2019,UNIV.AUTONOMA DE CHILE,SOCIOLOGIA CS I,"Jóvenes, trabajo y familia: hacia un modelo para la comprensión de expectativas familiares y laborales",Otra universidad
1190020,Beatriz Cid,Regular,2019,UNIV.DE CONCEPCION,SOCIOLOGIA CS I,Comunalización y heterogeneidades económicas: espacios de diálogo en torno a casos en el centro sur de Chile,U. de Concepción
1190094,Modesto Gayo,Regular,2019,UNIV.DIEGO PORTALES,SOCIOLOGIA CS I,Comparación espacio-temporal de la participación cultural y el gusto. El caso de Chile,U. Diego Portales
1190133,Humberto Dilla,Regular,2019,UNIV.ARTURO PRAT,SOCIOLOGIA CS I,La intermediación urbano-portuaria en un contexto transfronterizo: Arica (2008-2018),Otra universidad
1190150,Patricia Castillo,Regular,2019,FUND. PARA LA INV. DEPRESION Y PERS.,SOCIOLOGIA CS I,Infancia institucionalizada y vida cotidiana de la niñez en las residencias de protección de Santiago de Chile (1979-2000),Otra universidad
1190257,Maria Rubilar,Regular,2019,UNIV.DE CHILE,SOCIOLOGIA CS I,Estudio longitudinal de trayectorias y transiciones investigativas de trabajadores sociales chilenos,U. de Chile
1190265,Aldo Mascareño,Regular,2019,UNIV.ADOLFO IBANEZ,SOCIOLOGIA CS I,"Gobernando transiciones críticas en sistemas socioecológicos: el caso de Chiloé, Chile",Otra universidad
1190286,Claudio Maldonado,Regular,2019,UNIV.CATOLICA DE TEMUCO,SOCIOLOGIA CS I,"Tecno política mapuche. Redes de comunicación, interculturalidad y heteronomía desde el wallmapu",U. Católica de Temuco
1190412,Carlos Boso,Regular,2019,UNIV.DE LA FRONTERA,SOCIOLOGIA CS I,"Calidad del aire, vulnerabilidad social y percepción de riesgo en ciudades intermedias del sur de Chile: un análisis desde la justicia ambiental",U. de La Frontera
1190436,Oscar Mac-Clure,Regular,2019,UNIV.DE LOS LAGOS,SOCIOLOGIA CS I,La posición de uno mismo en la sociedad: lo justo y lo injusto en el espejo social,U. de Los Lagos
1190483,Viviana Salinas,Regular,2019,PONT. UNIV. CATOLICA DE CHILE,SOCIOLOGIA CS I,Fecundidad adolescente y resultados educativos en Chile,P. U. Católica de Chile
1190528,Manuel Tironi,Regular,2019,PONT. UNIV. CATOLICA DE CHILE,SOCIOLOGIA CS I,Naturalezas equívocas: disensos ontológicos y las transiciones hacia la sustentabilidad,P. U. Católica de Chile
1190540,Andrés Scherman,Regular,2019,UNIV.DIEGO PORTALES,SOCIOLOGIA CS I,Inmigración en Chile: cobertura e impacto de los contenidos difundidos por los medios de comunicación en las percepciones de las audiencias,U. Diego Portales
1190543,Juan Espinosa,Regular,2019,UNIV.ANDRES BELLO,SOCIOLOGIA CS I,Doing laboratory studies in Chile: re-engaging science in the making and the established field of science and technology studies,U. Andrés Bello
1190657,Jose Weinstein,Regular,2019,UNIV.DIEGO PORTALES,SOCIOLOGIA CS I,Confianza relacional en la educación media. Un estudio en establecimientos científico-humanistas y técnico-profesionales de la región metropolitana,U. Diego Portales
1190697,Ximena Valdés,Regular,2019,UNIV.ACADEMIA DE HUMANISMO CRISTIANO,SOCIOLOGIA CS I,"Género, etnia y nacionalidad en los asalariados temporales de la fruticultura de exportación. Una inmersión en trayectorias sociales frente a estrategias empresariales de empleo en Atacama y La Araucanía",Otra universidad
1190834,Oriana Bernasconi,Regular,2019,UNIV.ALBERTO HURTADO,SOCIOLOGIA CS I,"Más allá del paradigma de la víctima: genealogías de dispositivos de performación de sujetos de la violencia política. Chile, 1973-2018",U. Alberto Hurtado
1190866,Paula Vidal,Regular,2019,UNIV.DE CHILE,SOCIOLOGIA CS I,"Políticas (estatales) de empleo bajo el neoliberalismo y el buen vivir: encrucijadas para el desarrollo. Los casos de Bolivia, Brasil, Chile y ecuador (2014-2018)",U. de Chile
1191015,Vicente Sisto,Regular,2019,PONT. UNIV. CATOLICA DE VALPARAISO,SOCIOLOGIA CS I,Trabajo público en tiempos manageriales: prácticas cotidianas y formas de acción colectiva en contextos de alta rendición de cuentas y gobernanza financializada de lo público,U. Católica de Valparaíso
1191269,Paola Bolados,Regular,2019,UNIV.DE VALPARAISO,SOCIOLOGIA CS I,"De zonas de sacrificio a zonas de recuperación socioambiental: construcción participativa de criterios de gobernanza ambiental y bienestar en Las bahías-Puerto de Huasco, Puchuncaví-Quintero y Coronel, Chile",U. de Valparaíso
1191440,Maria Méndez,Regular,2019,PONT. UNIV. CATOLICA DE CHILE,SOCIOLOGIA CS I,"Repertorios culturales, trayectorias socio-espaciales y política: sobre la fragmentación y conflicto posicional en la clase media alta en Chile",P. U. Católica de Chile
1191490,Rodrigo Cofre,Regular,2019,UNIV.ANDRES BELLO,SOCIOLOGIA CS I,"Desigualdad temporal, reproducción y exclusión social",U. Andrés Bello
1191491,Carlos Duran,Regular,2019,UNIV.CATOLICA CARDENAL SILVA HENRIQUEZ,SOCIOLOGIA CS I,¿Hacia un nuevo campo político?: organizaciones y discursos políticos emergentes en el Chile actual (2010-2010),Otra universidad
1191522,Luis Maldonado,Regular,2019,PONT. UNIV. CATOLICA DE CHILE,SOCIOLOGIA CS I,Economía moral de los desastres socionaturales y el Estado,P. U. Católica de Chile
1191585,Maria Fernández,Regular,2019,UNIV.CATOLICA DE TEMUCO,SOCIOLOGIA CS I,Segregación de género en la elección de estudios superiores. Análisis de factores internos y externos que influyen en las trayectorias vocacionales de estudiantes secundarios/as chilenos/as,U. Católica de Temuco
1200076,Gloria Baigorrotegui,Regular,2020,UNIV.DE SANTIAGO DE CHILE,SOCIOLOGIA CS I,Prácticas de mantención y reparación de infraestructuras remotas y el surgimiento de comunidades energéticas en Coyhaique y Puerto Edén,U. Santiago de Chile
1200108,Lorena Antezana,Regular,2020,UNIV.DE CHILE,SOCIOLOGIA CS I,Formación de audiencias ciudadanas: adolescentes y telenovelas en tiempos de intolerancia,U. de Chile
1200190,Nicolas Somma,Regular,2020,PONT. UNIV. CATOLICA DE CHILE,SOCIOLOGIA CS I,"¿Víctimas del neoliberalismo o aristocracia obrera? Explicando las variaciones en los movimientos laborales latinoamericanos, desde el consenso de Washington hasta Bolsonaro",P. U. Católica de Chile
1200208,Daniel Chernilo,Regular,2020,UNIV.ADOLFO IBANEZ,SOCIOLOGIA CS I,The autonomy and secularisation of modernity. A study in philosophical sociology,Otra universidad
1200374,Adela Montero,Regular,2020,UNIV.DE CHILE,SOCIOLOGIA CS I,"Representaciones sociales de actores relevantes vinculadas con las principales barreras a las prestaciones garantizadas en la ley 21.030, que despenaliza la interrupción del embarazo por tres causales en Chile",U. de Chile
1200421,Juan Morales,Regular,2020,UNIV.CATOLICA CARDENAL SILVA HENRIQUEZ,SOCIOLOGIA CS I,"Democracia, política y redes corporativas en Chile. Una aproximación sociológica y metodológica al campo social e institucional de centros de estudios y think tanks (1990-2021)",Otra universidad
1200493,Alfredo Joignant,Regular,2020,UNIV.DIEGO PORTALES,SOCIOLOGIA CS I,Capitalismo y legitimación de la democracia: el circuito global-local de producción y recepción de ideas a partir de la plataforma project syndicate,U. Diego Portales
1200841,Alexis Cortes,Regular,2020,UNIV.ALBERTO HURTADO,SOCIOLOGIA CS I,Radiografía del pensamiento crítico latinoamericano: las antologías de clacso como aproximación a un canon regional,U. Alberto Hurtado
1200860,Emilie Raymond,Regular,2020,PONT. UNIV. CATOLICA DE CHILE,SOCIOLOGIA CS I,Vejez e interculturalidad: distancias y encuentros en un Chile diverso,P. U. Católica de Chile
1200990,Dasten Julián,Regular,2020,UNIV.CATOLICA DE TEMUCO,SOCIOLOGIA CS I,"Precariedades del trabajo en la macrozona sur de Chile: intersecciones, territorios y resistencias en las regiones del Maule, Ñuble, Biobío y la Araucanía",U. Católica de Temuco
1201054,Marcela Tapia,Regular,2020,UNIV.ARTURO PRAT,SOCIOLOGIA CS I,"Migraciones y zona franca: empresarios, comerciantes y trabajadores extranjeros en la historia de zofri desde 1975 hasta hoy",Otra universidad
1201112,Manuel Alonso,Regular,2020,UNIV.CATOLICA DE LA STMA. CONCEPCION,SOCIOLOGIA CS I,"Communicating family identity through the web to improve consumer attention, brand attitude, and purchase intention",Otra universidad
1201130,Carolina Stefoni,Regular,2020,UNIV.ALBERTO HURTADO,SOCIOLOGIA CS I,Rutas y trayectorias de migrantes venezolanos a lo largo de américa del sur. Cuando las puertas comienzan a cerrarse,U. Alberto Hurtado
1201141,Oscar Aguilera,Regular,2020,UNIV.DE CHILE,SOCIOLOGIA CS I,Jóvenes de película: genealogía de la juventud a partir de la producción cinematográfica en Chile del siglo XX,U. de Chile
1201255,Félix Rojo,Regular,2020,UNIV.CATOLICA DE TEMUCO,SOCIOLOGIA CS I,Los gustos espaciales en la producción de espacios urbanos dentro del Chile neoliberal: el caso de las conurbaciones de Temuco-Padre las casas e Iquique-Alto Hospicio,U. Católica de Temuco
1201373,Gustavo Blanco,Regular,2020,UNIV.AUSTRAL DE CHILE,SOCIOLOGIA CS I,Ecologías de la reparación: crisis socioambientales como procesos de experimentación ontológica,U. Austral de Chile
1201629,Claudia Giacoman,Regular,2020,PONT. UNIV. CATOLICA DE CHILE,SOCIOLOGIA CS I,"Jóvenes veganos en Santiago de Chile: una investigación sobre carreras desviadas, hábitus y prácticas socio-alimentarias",P. U. Católica de Chile
1201685,Gianinna Muñoz,Regular,2020,UNIV.DE CHILE,SOCIOLOGIA CS I,Resistencias profesionales en la primera línea de implementación de programas sociales en Chile,U. de Chile
1201981,Cristian Radiszcz,Regular,2020,UNIV.DE CHILE,SOCIOLOGIA CS I,Gramáticas de las microcontroversias a propósito del trastorno por déficit atencional e hiperactividad. Un estudio sobre los diferendos normativos suscitados en el marco de los actuales procesos civilizatorios en Chile,U. de Chile
11100034,Manuel Tironi,Iniciación,2010,PONT. UNIV. CATOLICA DE CHILE,SOCIOLOGIA CS I,Participación ciudadana en contextos de desastre: una aproximación desde la sociología de las controversias,P. U. Católica de Chile
11100043,Luis Thayer,Iniciación,2010,UNIV.DE LOS LAGOS,SOCIOLOGIA CS I,"Discriminación y lucha por el reconocimiento en el proceso de incorporación de los inmigrantes argentinos, peruanos y ecuatorianos a la región metropolitana",U. de Los Lagos
11100108,Tomas Ariztia,Iniciación,2010,UNIV.DIEGO PORTALES,SOCIOLOGIA CS I,Construyendo al consumidor de clase media. Un análisis de las prácticas de categorización social del marketing y la publicidad en Chile,U. Diego Portales
11100176,Esteban Calvo,Iniciación,2010,UNIV.DIEGO PORTALES,SOCIOLOGIA CS I,Does the chilean pension model influence health and happiness? A multilevel longitudinal analysis,U. Diego Portales
11110020,Beatriz Cid,Iniciación,2011,UNIV.DE CONCEPCION,SOCIOLOGIA CS I,Agroecología y agricultura orgánica en el centro-sur de Chile: cadenas de valor y redes de gobernanza,U. de Concepción
11110058,Viviana Salinas,Iniciación,2011,PONT. UNIV. CATOLICA DE CHILE,SOCIOLOGIA CS I,Three years after birth: family transitions and the wellbeing of chilean mothers,P. U. Católica de Chile
11110287,Maria Herrera,Iniciación,2011,UNIV.DIEGO PORTALES,SOCIOLOGIA CS I,"Reproducción asistida en Chile: análisis de los repertorios culturales usados para evaluar lo correcto, moral y legitimo en el campo abierto por las nuevas tecnologías reproductivas",U. Diego Portales
11110296,Maria Fernández,Iniciación,2011,CORPORACION RIMISP,SOCIOLOGIA CS I,Desigualdad territorial y transferencias condicionadas de ingreso: el caso del ingreso ético familiar,Otra universidad
11110328,Leticia Arancibia,Iniciación,2011,PONT. UNIV. CATOLICA DE VALPARAISO,SOCIOLOGIA CS I,Imaginarios sociales sobre el conflicto. Los sistemas de justificación del acuerdo y del disenso en las relaciones entre los actores de enseñanza media,U. Católica de Valparaíso
11110373,Oscar Aguilera,Iniciación,2011,UNIV.CATOLICA DEL MAULE,SOCIOLOGIA CS I,Genealogía de lo juvenil en Chile en el siglo XX. Políticas de visibilidad y emergencias identitarias (c.1906-c.1986),Otra universidad
11110420,Ana Cárdenas,Iniciación,2011,UNIV.DIEGO PORTALES,SOCIOLOGIA CS I,Trabajo y maternidad: estudio biográfico interpretativo sobre la articulación del ámbito laboral y familiar en mujeres con hijos en la primera infancia,U. Diego Portales
11110459,Oriana Bernasconi,Iniciación,2011,UNIV.ALBERTO HURTADO,SOCIOLOGIA CS I,Individuos y regímenes pragmáticos en Chile: hacia una sociología pragmática y moral del individuo,U. Alberto Hurtado
11110513,Gustavo Blanco,Iniciación,2011,UNIV.AUSTRAL DE CHILE,SOCIOLOGIA CS I,"La sociología del cambio climático: políticas públicas, trayectorias regionales y representaciones sociales del cambio climático en el sur de Chile",U. Austral de Chile
11110528,Elisabeth Simburger,Iniciación,2011,UNIV.DE VALPARAISO,SOCIOLOGIA CS I,"Academic identities and practice in changing institutional contexts of chilean higher education: the case of sociology, education and biology",U. de Valparaíso
11121115,Marcel Theza,Iniciación,2012,UNIV.DE LOS LAGOS,SOCIOLOGIA CS I,Efectos de la multiadhesion en el comportamiento cívico de los jóvenes,U. de Los Lagos
11121144,Ricardo Gaete,Iniciación,2012,UNIV.DE ANTOFAGASTA,SOCIOLOGIA CS I,Una mirada a la responsabilidad social universitaria en la ciudad de Antofagasta,Otra universidad
11121147,Nicolas Somma,Iniciación,2012,PONT. UNIV. CATOLICA DE CHILE,SOCIOLOGIA CS I,La difusión de la protesta colectiva en Chile (2000-2011),P. U. Católica de Chile
11121162,Marcelo Piña,Iniciación,2012,UNIV.CATOLICA DEL MAULE,SOCIOLOGIA CS I,Factores socioculturales que conforman la opinión publica y especializada de los roles sociales de las personas mayores de Chile en el periodo 2002-2012,Otra universidad
11121171,Jeanne Hersant,Iniciación,2012,UNIV.DE PLAYA ANCHA CS. EDUCACION,SOCIOLOGIA CS I,A sociology of the chilean public administration: the court clerks and the criminal procedure reform,Otra universidad
11121203,Juan Castillo,Iniciación,2012,PONT. UNIV. CATOLICA DE CHILE,SOCIOLOGIA CS I,Social justice and citizenship participation: an international comparison with focus on the case of Chile,P. U. Católica de Chile
11121231,Pedro Canales,Iniciación,2012,UNIV.DE SANTIAGO DE CHILE,SOCIOLOGIA CS I,"El pensamiento de los intelectuales indígenas en la historia reciente de América Latina y Chile, 1980-2010",U. Santiago de Chile
11121286,Esteban Valenzuela,Iniciación,2012,UNIV.ALBERTO HURTADO,SOCIOLOGIA CS I,Cooptación de movimientos regionalistas en tres coyunturas históricas de Chile: modelo y fragilidad de alianza regionalizadora,U. Alberto Hurtado
11121295,Iskra Pávez,Iniciación,2012,UNIV. UCINF,SOCIOLOGIA CS I,La infancia como sujeto de las políticas públicas e intervenciones sociales: el caso de la niñez migrante en el Chile del siglo XXI,Otra universidad
11121346,Rodrigo Cordero,Iniciación,2012,UNIV.DIEGO PORTALES,SOCIOLOGIA CS I,Pensar la negatividad de lo social: hacia una reconstrucción del concepto de ruptura en la teoría social moderna,U. Diego Portales
11121353,Marcela Mandiola,Iniciación,2012,UNIV.ALBERTO HURTADO,SOCIOLOGIA CS I,"Género, relaciones laborales y organizaciones académicas. Prácticas y discursos en las universidades chilenas",U. Alberto Hurtado
11121455,Gloria Baigorrotegui,Iniciación,2012,UNIV.DE SANTIAGO DE CHILE,SOCIOLOGIA CS I,"Plataformas ciudadanas y grupos de conocimiento experto en la conformación de marcos interpretativos en torno a la generación eléctrica ""de base"" en Chile entre 2008 y 2011",U. Santiago de Chile
11130005,Carmen Godoy,Iniciación,2013,UNIV.ACADEMIA DE HUMANISMO CRISTIANO,SOCIOLOGIA CS I,El discurso de la igualdad de género en Chile y su recepción en mujeres de las capas medias y altas,Otra universidad
11130026,Francisco Báez,Iniciación,2013,UNIV.DE PLAYA ANCHA CS. EDUCACION,SOCIOLOGIA CS I,Acción colectiva y diseño institucional. Una contribución desde la sociología analítica al estudio de los fundamentos y de las consecuencias de la des-colectivizacion en Chile,Otra universidad
11130072,Jose Edwards,Iniciación,2013,UNIV.ADOLFO IBANEZ,SOCIOLOGIA CS I,The academic collection of self-reports:from opinion polls to household panel surveys (1960s-2000s),Otra universidad
11130095,Antonio Stecher,Iniciación,2013,UNIV.DIEGO PORTALES,SOCIOLOGIA CS I,Procesos de construcción de identidad en el trabajo en el Chile actual: el caso de los trabajadores de tiendas de grandes empresas del retail. Aportes empíricos y conceptuales al debate sobre trabajo e identidad en América Latina,U. Diego Portales
11130149,Claudia Córdoba,Iniciación,2013,UNIV.DE SANTIAGO DE CHILE,SOCIOLOGIA CS I,Análisis de la segregación escolar socioeconómica en enseñanza básica,U. Santiago de Chile
11130217,Sandra Ríos,Iniciación,2013,UNIV.DE LOS LAGOS,SOCIOLOGIA CS I,"Sociología de la agricultura familiar en Chile: diversidad, agencia y estilos agrarios",U. de Los Lagos
11130329,Nicolas Gómez,Iniciación,2013,UNIV.CENTRAL DE CHILE,SOCIOLOGIA CS I,"Las tecnologías sociales de las organizaciones económicas de medios sociales urbanos pobres. El caso de los cachureros y coleros de Huechuraba, región metropolitana, Chile",Otra universidad
11130335,Rosa Guerrero,Iniciación,2013,UNIV.DE CONCEPCION,SOCIOLOGIA CS I,"Patrimonio cultural, territorio y desarrollo local: análisis de los procesos de apropiación social del discurso patrimonial, su articulación con políticas públicas y efectos en las dinámicas de desarrollo local, en tres regiones del sur",U. de Concepción
11130379,Lucia Saldaña,Iniciación,2013,UNIV.DE CONCEPCION,SOCIOLOGIA CS I,Hacia la configuración de nuevas masculinidades: relaciones de género y arreglos domésticos en las familias del Concepción urbano,U. de Concepción
11130384,Mónica Aravena,Iniciación,2013,UNIV.DE CONCEPCION,SOCIOLOGIA CS I,"Imaginarios sociales de la identidad mapuche en el gran Concepción, región del Biobío",U. de Concepción
11130401,Maria Rubilar,Iniciación,2013,PONT. UNIV. CATOLICA DE CHILE,SOCIOLOGIA CS I,Trayectorias y memoria de investigación: testimonios y aproximaciones narrativas a la investigación en trabajo social,P. U. Católica de Chile
11130568,Alejandra Araya,Iniciación,2013,UNIV.ANDRES BELLO,SOCIOLOGIA CS I,"Fragilidad social en el adulto mayor: factores asociados y su relación con discapacidad, muerte, uso de servicios de salud y calidad de vida",U. Andrés Bello
11130626,Maria Urrutia,Iniciación,2013,UNIV.ANDRES BELLO,SOCIOLOGIA CS I,Determinantes sociales para la adherencia al tamizaje de cáncer cervicouterino,U. Andrés Bello
11130680,Rubén Dittus,Iniciación,2013,UNIV.CATOLICA DE LA STMA. CONCEPCION,SOCIOLOGIA CS I,Modelos de guion en el cine chileno de ficción: análisis de los estándares profesionales y los principios dramatúrgicos aplicados por la industria audiovisual durante el periodo 2003 - 2013,Otra universidad
11130690,Juan Sandoval,Iniciación,2013,UNIV.DE VALPARAISO,SOCIOLOGIA CS I,Discursos sobre la política y la democracia y formas de acción política no convencionales de estudiantes universitarios que participan en distintas formas de asociatividad juvenil,U. de Valparaíso
11140020,Lorena Gallardo,Iniciación,2014,UNIV.DE TARAPACA,SOCIOLOGIA CS I,"Envejecimiento con éxito, apoyo social y etnicidad en personas mayores de la región de Arica y Parinacota",Otra universidad
11140059,Javiera Cienfuegos,Iniciación,2014,UNIV.ACADEMIA DE HUMANISMO CRISTIANO,SOCIOLOGIA CS I,¿Iguales ante la ley?: inclusión y exclusión de formas familiares en el derecho chileno,Otra universidad
11140083,Maite De Cea,Iniciación,2014,UNIV.DIEGO PORTALES,SOCIOLOGIA CS I,"Descentralización cultural y construcción de identidad territorial: el lugar de lo indígena en las políticas culturales de las regiones del Bío bío, La Araucanía y Los Lagos",U. Diego Portales
11140180,Claudio Maldonado,Iniciación,2014,UNIV.CATOLICA DE TEMUCO,SOCIOLOGIA CS I,"Apropiación tecnológica, discurso y decolonialidad. La producción informativa digital mapuche en el marco del conflicto estado-nación y pueblo mapuche en la región de La Araucanía",U. Católica de Temuco
11140202,Pamela Caro,Iniciación,2014,UNIV.SANTO TOMAS,SOCIOLOGIA CS I,Significados y experiencias de la niñez y vejez como polos vitales de cuidado en familias del medio rural del valle de Aconcagua. Una lectura desde la perspectiva de género,Otra universidad
11140241,Maria Da Rocha,Iniciación,2014,UNIV.AUTONOMA DE CHILE,SOCIOLOGIA CS I,"La excelencia académica en escuelas públicas de prestigio: percepciones, vivencias y prácticas de los actores escolares",Otra universidad
11140307,Víctor Muñoz,Iniciación,2014,UNIV.CATOLICA CARDENAL SILVA HENRIQUEZ,SOCIOLOGIA CS I,"Generaciones, cultura militante y faccionalismo en los partidos socialista y demócrata cristiano de Chile. Cambios contemporáneos en las nociones de la política, El partido y su vinculación con la sociedad. 1973-2015",Otra universidad
11140336,Alexis Cortes,Iniciación,2014,UNIV.ALBERTO HURTADO,SOCIOLOGIA CS I,"Sur y la construcción del anti-movimiento de pobladores: ciencias sociales, performatividad y movimientos sociales en Chile 1985-1995",U. Alberto Hurtado
11140352,Luis Vivero,Iniciación,2014,UNIV.CATOLICA DE TEMUCO,SOCIOLOGIA CS I,La formación de los trabajadores sociales en Chile: un acercamiento interpretativo a la dimensión histórica-política de sus perspectivas teóricas,U. Católica de Temuco
11140380,Carlos Duran,Iniciación,2014,UNIV.DE LOS LAGOS,SOCIOLOGIA CS I,El campo político-discursivo chileno en un contexto de dislocación: continuidades y transformaciones (1997-2014),U. de Los Lagos
11140394,Paulina Aldunce,Iniciación,2014,UNIV.DE CHILE,SOCIOLOGIA CS I,"Moving towards adaptation to climate change: current practices developed in Chile, their usefulness, barriers to implementation, and opportunities for improvement",U. de Chile
11140407,Claudia Giacoman,Iniciación,2014,PONT. UNIV. CATOLICA DE CHILE,SOCIOLOGIA CS I,¿Cómo comemos juntos?: un estudio descriptivo sobre las prácticas de comensalidad en adultos de la región metropolitana,P. U. Católica de Chile
11140432,Juan Espinosa,Iniciación,2014,PONT. UNIV. CATOLICA DE VALPARAISO,SOCIOLOGIA CS I,The relevance of crowd though in the chilean capital market,U. Católica de Valparaíso
11140551,Maria Urquieta,Iniciación,2014,UNIV.DE CHILE,SOCIOLOGIA CS I,Operaciones de inclusión/ exclusión en sistemas territoriales complejos. Marcos e instrumentos para la observación socio- espacial,U. de Chile
11140590,Jorge Castillo,Iniciación,2014,UNIV.DE SANTIAGO DE CHILE,SOCIOLOGIA CS I,"Aportes de los estudios de ciencia y tecnología a la comprensión de enfermedades abordadas por la medicina basada en la evidencia: regímenes de subjetivación, corporización y biosocialidad en el GES",U. Santiago de Chile
11140592,Daniel Halpern,Iniciación,2014,PONT. UNIV. CATOLICA DE CHILE,SOCIOLOGIA CS I,Cyberbullying en Chile: cómo los escolares utilizan las tecnologías de comunicación para relacionarse y sociabilizar con sus pares,P. U. Católica de Chile
11140751,Patricio Cabello,Iniciación,2014,UNIV.ACADEMIA DE HUMANISMO CRISTIANO,SOCIOLOGIA CS I,"Usos de medios de comunicación masiva y tics por parte de jóvenes que participan en organizaciones sociales comunitarias en las regiones V, X y metropolitana",Otra universidad
11140809,Marco Ceballos,Iniciación,2014,UNIV.ANDRES BELLO,SOCIOLOGIA CS I,"Trayectorias socio-laborales y ciudadanía de mujeres trabajadoras asistidas, en la conurbación provincial de Valparaíso y Marga Marga",U. Andrés Bello
11140866,Rodrigo Ganter,Iniciación,2014,UNIV.DE CONCEPCION,SOCIOLOGIA CS I,En carne propia: relatos y prácticas de lo corporal en jóvenes urbanos de Concepción y Santiago,U. de Concepción
11140897,Sebastián Valenzuela,Iniciación,2014,PONT. UNIV. CATOLICA DE CHILE,SOCIOLOGIA CS I,Flujos informativos y pluralismo en las redes sociales online en Chile: descripción y análisis de las noticias viralizadas por el público,P. U. Católica de Chile
11150020,Cristóbal Benavides,Iniciación,2015,UNIV.DE LOS ANDES,SOCIOLOGIA CS I,Estudio comparativo de las características de los directores de medios de comunicación en Chile y su efecto en la calidad e innovación. Una aproximación desde el liderazgo transformacional,Otra universidad
11150095,Arturo Arriagada,Iniciación,2015,UNIV.ADOLFO IBANEZ,SOCIOLOGIA CS I,Los intermediadores culturales en la era digital: un análisis de las prácticas y tecnologías digitales en la producción de mercados en la industria cultural chilena,Otra universidad
11150115,Maria Cruz,Iniciación,2015,UNIV.DE VALPARAISO,SOCIOLOGIA CS I,Articulaciones entre género y memoria social sobre la dictadura cívico-militar chilena desde las prácticas políticas del presente,U. de Valparaíso
11150161,Lorena Perez,Iniciación,2015,UNIV.ALBERTO HURTADO,SOCIOLOGIA CS I,La odisea de llegar a fin de mes:  estrategias de pago de deudas en familias jóvenes de clase media en Santiago y Concepción,U. Alberto Hurtado
11150188,Alejandra Ramm,Iniciación,2015,UNIV.DE VALPARAISO,SOCIOLOGIA CS I,¿Emergencia de un nuevo patrón de nupcialidad? El aumento de la convivencia en grupos medio-altos en Chile,U. de Valparaíso
11150217,Francisca Gutiérrez,Iniciación,2015,UNIV.ALBERTO HURTADO,SOCIOLOGIA CS I,"Gestionando ""rabanitos"". La disposición empresarial hacia los sindicatos en Chile",U. Alberto Hurtado
11150221,Paulina Bravo,Iniciación,2015,PONT. UNIV. CATOLICA DE CHILE,SOCIOLOGIA CS I,"Developing a comprehensive model of the relationships among expected patient participation in medical decision making, experienced participation and satisfaction with healthcare for the chilean population",P. U. Católica de Chile
11150262,Carlos Boso,Iniciación,2015,UNIV.DE LA FRONTERA,SOCIOLOGIA CS I,Percepción pública e implicación ciudadana en el control de la contaminación atmosférica urbana del sur de Chile,U. de La Frontera
11150341,Magdalena Claro,Iniciación,2015,PONT. UNIV. CATOLICA DE CHILE,SOCIOLOGIA CS I,"A new approach to digital inclusion: understanding the association between digital skills, use of digital resources and tangible outcomes in the population of the metropolitan region of Chile",P. U. Católica de Chile
11150497,Luis Ruperthuz,Iniciación,2015,UNIV.DIEGO PORTALES,SOCIOLOGIA CS I,"Institucionalización de los ""saberes psi"" y las representaciones del yo (self) a comienzos del siglo XX en Chile (1900-1950): un estudio sociocultural.",U. Diego Portales
11150554,Ana Castillo,Iniciación,2015,UNIV.ALBERTO HURTADO,SOCIOLOGIA CS I,Medios y migración infantil: descripción analítica y comparativa de las prácticas con medios de comunicación de niños y niñas migrantes latinoamericanos en Chile,U. Alberto Hurtado
11150703,Luis Rodrigo,Iniciación,2015,UNIV.CATOLICA DEL NORTE,SOCIOLOGIA CS I,Reproducción social y posición socio-laboral en Chile,Otra universidad
11150808,Carolina Muñoz,Iniciación,2015,PONT. UNIV. CATOLICA DE VALPARAISO,SOCIOLOGIA CS I,Repertorios de acción política ciudadana  en el Chile post-transición: un estudio narrativo con ex-militantes de izquierda que hoy participan en movimientos socio-ambientales,U. Católica de Valparaíso
11150840,Guillermo Sanhueza,Iniciación,2015,UNIV.SAN SEBASTIAN,SOCIOLOGIA CS I,El desempeño moral de las cárceles chilenas como pre-requisito para la reinserción social,Otra universidad
11150862,Maria Undurraga,Iniciación,2015,UNIV.FINIS TERRAE,SOCIOLOGIA CS I,Trayectorias laborales de mujeres y vejez en Chile,Otra universidad
11150918,Fernando Valenzuela,Iniciación,2015,UNIV.ANDRES BELLO,SOCIOLOGIA CS I,"Telemedicina, controversia y cambio social en Chile. Cómo la telemedicina se construye socialmente y configura la sociedad",U. Andrés Bello
11160067,Alejandro Cataldo,Iniciación,2016,UNIV.DE TALCA,SOCIOLOGIA CS I,"'Rutinización' de las ti, efectos de la interacción de los usuarios con la tecnología y el grupo social",Otra universidad
11160195,Jimena Carrasco,Iniciación,2016,UNIV.AUSTRAL DE CHILE,SOCIOLOGIA CS I,Tecnologías de intervención y procesos de subjetivación en los programas de tratamiento y rehabilitación por consumo problemático de sustancias dirigidos a jóvenes con infracción de ley en la región de Los Ríos,U. Austral de Chile
11160330,Maria Martin,Iniciación,2016,UNIV.DE CHILE,SOCIOLOGIA CS I,Cambio en las políticas hacia la infancia y adolescencia en Chile. Análisis de los marcos interpretativos de instituciones y actores relacionados,U. de Chile
11160337,Carolina Besoain,Iniciación,2016,UNIV.ALBERTO HURTADO,SOCIOLOGIA CS I,Hacer hogar en Santiago. Procesos de subjetivación en el espacio doméstico,U. Alberto Hurtado
11160371,Claudia Calquín,Iniciación,2016,UNIV.CENTRAL DE CHILE,SOCIOLOGIA CS I,"Tecnologías de gobierno de la primera infancia, un análisis discursivo del programa Chile crece contigo",Otra universidad
11160386,Juan Ramírez,Iniciación,2016,UNIV.AUSTRAL DE CHILE,SOCIOLOGIA CS I,"Radios comunitarias en Chile: descripción y análisis de las variables de asociatividad, comunidad y afectividad en los procesos radialistas en las voces de sus actores",U. Austral de Chile
11160413,Ismael Puga,Iniciación,2016,UNIV.CENTRAL DE CHILE,SOCIOLOGIA CS I,Prácticas sociales y mecanismos de legitimación de la desigualdad en Chile,Otra universidad
11160456,Mauricio Garcia,Iniciación,2016,UNIV.DE LA FRONTERA,SOCIOLOGIA CS I,Acción colectiva y gobernanza comunitaria: en la búsqueda de sustentabilidad de recursos de uso común en el sur de Chile,U. de La Frontera
11160497,Cecilia Dockendorff,Iniciación,2016,UNIV.DE SANTIAGO DE CHILE,SOCIOLOGIA CS I,Neurociencias y auto-secularización del cristianismo: ¿un fundamento científico para la religiosidad?,U. Santiago de Chile
11160521,Javier Hernández,Iniciación,2016,UNIV.CATOLICA DE TEMUCO,SOCIOLOGIA CS I,"Reclutamiento, selección de personal y estructura social: análisis sociológico de los procedimientos seguidos por grandes empresas en Chile",U. Católica de Temuco
11160538,Gianinna Muñoz,Iniciación,2016,UNIV.ALBERTO HURTADO,SOCIOLOGIA CS I,Intervención inter-profesional en programas sociales pro-integralidad en Chile: una contribución al public engagement,U. Alberto Hurtado
11160588,Maria Vera,Iniciación,2016,UNIV.ACADEMIA DE HUMANISMO CRISTIANO,SOCIOLOGIA CS I,"""Mapuche eco-espiritual"": políticas de la diferencia género-racializada en el multiculturalismo neoliberal",Otra universidad
11160601,Fernando Campos,Iniciación,2016,UNIV.DE CHILE,SOCIOLOGIA CS I,Modernización ecológica en Chile. La ruta modernizadora chilena en el contexto de las economías basadas en las industrias extractivas y la construcción de un modelo para el análisis comparativo,U. de Chile
11160672,Francisco Zorondo,Iniciación,2016,UNIV.DE SANTIAGO DE CHILE,SOCIOLOGIA CS I,Human well-being and sustainable management of native forest in rural Chile: are they related?,U. Santiago de Chile
11160842,Daniela Lazcano,Iniciación,2016,PONT. UNIV. CATOLICA DE VALPARAISO,SOCIOLOGIA CS I,Investigación en comunicación en Chile: estado del arte y análisis de las características y proyecciones de la comunidad científica nacional,U. Católica de Valparaíso
11160965,Tal Reininger,Iniciación,2016,UNIV.ANDRES BELLO,SOCIOLOGIA CS I,Formas de exclusión de los programas de transferencias condicionadas: condiciones (in)cumplidas,U. Andrés Bello
11161026,Claudia López,Iniciación,2016,UNIV.TECNICA FEDERICO SANTA MARIA,SOCIOLOGIA CS I,Does social media attention matter? A longitudinal assessment of the impact of nonprofits' social media strategies on citizen participation in urban areas,Otra universidad
11170005,Cristian Cabalin,Iniciación,2017,UNIV.DE CHILE,SOCIOLOGIA CS I,El discurso social sobre los profesores en Chile: medios de comunicación e identidad docente en un contexto mediatizado,U. de Chile
11170014,Hugo Cadenas,Iniciación,2017,UNIV.AUTONOMA DE CHILE,SOCIOLOGIA CS I,Normatividades emergentes: la institucionalidad ética en organizaciones sociales chilenas,Otra universidad
11170220,Sandra Iturrieta,Iniciación,2017,PONT. UNIV. CATOLICA DE VALPARAISO,SOCIOLOGIA CS I,Subjetividades con las que los y las profesionales de la intervención social directa experiencian su ejercicio laboral: aportes a la formación profesional de pregrado,U. Católica de Valparaíso
11170232,Pablo Saravia,Iniciación,2017,UNIV.DE PLAYA ANCHA CS. EDUCACION,SOCIOLOGIA CS I,Miradas y proyecciones sobre los canales cortos de comercialización que utilizan las experiencias agroecológicas. Una construcción desde los productores y consumidores de la V región,Otra universidad
11170317,Maria Energici,Iniciación,2017,UNIV.ALBERTO HURTADO,SOCIOLOGIA CS I,El cuerpo en lo social: experiencias corporales reflexivas en torno a la gestión cotidiana del peso corporal en adultos de la ciudad de Santiago de Chile,U. Alberto Hurtado
11170319,Carla Pinochet,Iniciación,2017,UNIV.ALBERTO HURTADO,SOCIOLOGIA CS I,"Prácticas de ocio y trabajo cognitivo. Un estudio de los sectores creativos, artísticos e intelectuales",U. Alberto Hurtado
11170333,Rodrigo Estévez,Iniciación,2017,UNIV.SANTO TOMAS,SOCIOLOGIA CS I,Transformaciones institucionales para el manejo sustentable de sistemas socio-ecológicos costeros: toma de decisiones deliberativas en espacios de acción colectiva,Otra universidad
11170336,Beatriz Feijoo,Iniciación,2017,UNIV.DE LOS ANDES,SOCIOLOGIA CS I,El menor de edad como consumidor. Análisis de la publicidad que recibe el usuario de 10 a 14 años a través de los dispositivos móviles,Otra universidad
11170339,Iván Pincheira,Iniciación,2017,UNIV.ACADEMIA DE HUMANISMO CRISTIANO,SOCIOLOGIA CS I,"Delincuencia, terrorismo y desastres naturales: un estudio sobre la gestión gubernamental del miedo en el Chile de la postdictadura (1990-2020)",Otra universidad
11170479,Marcela Apablaza,Iniciación,2017,UNIV.AUSTRAL DE CHILE,SOCIOLOGIA CS I,Prácticas 'psi' en la escuela: efectos de la intervención psicosocial en el marco de políticas educativas inclusivas,U. Austral de Chile
11170484,Macarena Trujillo,Iniciación,2017,UNIV.DE PLAYA ANCHA CS. EDUCACION,SOCIOLOGIA CS I,Violencia de género en jóvenes de educación superior: análisis de dos instituciones universitarias en Chile,Otra universidad
11170491,Emilio Moya,Iniciación,2017,UNIV.CATOLICA DE TEMUCO,SOCIOLOGIA CS I,Vínculos sociales y corrupción en el contexto público local: la coexistencia de lo formal e informal,U. Católica de Temuco
11170930,Camila Ponce,Iniciación,2017,UNIV.CATOLICA CARDENAL SILVA HENRIQUEZ,SOCIOLOGIA CS I,Jóvenes en un mundo globalizado: subjetividades y construcción de sí mismos de los jóvenes líderes chilenos alter-activistas en las movilizaciones post 2011,Otra universidad
11170934,Nicolas Fuster,Iniciación,2017,UNIV.DE VALPARAISO,SOCIOLOGIA CS I,El problema de la hiperfrecuentación en la atención primaria de salud en Chile. Hacia una comprensión del malestar inexplicable.,U. de Valparaíso
11170939,Juan Saavedra,Iniciación,2017,UNIV.DEL BIO-BIO,SOCIOLOGIA CS I,Normalización biopolítica de la ciudad post-catástrofe: tres décadas de grandes terremotos durante el régimen neoliberal en Chile (1985- 2010-2015),Otra universidad
11171068,Andrés Marín,Iniciación,2017,UNIV.DE LOS LAGOS,SOCIOLOGIA CS I,Post-disaster livelihood recovery and adaptations in natural resource-dependent communities in Chile,U. de Los Lagos
11171075,Ximena Zabala,Iniciación,2017,UNIV.ALBERTO HURTADO,SOCIOLOGIA CS I,Gobierno y autogobierno en la producción de nuevos traders. Una investigación sobre los procesos de incorporación al trabajo en el sector bancario,U. Alberto Hurtado
11180070,Macarena Garcia,Iniciación,2018,PONT. UNIV. CATOLICA DE CHILE,SOCIOLOGIA CS I,Emotional and literary repertoires for childhood,P. U. Católica de Chile
11180099,Martin Arboleda,Iniciación,2018,UNIV.DIEGO PORTALES,SOCIOLOGIA CS I,Agriculturas campesinas e indígenas en movimiento: sistemas alimentarios alternativos y el giro logístico en el gran Santiago,U. Diego Portales
11180178,Anna Ivanova,Iniciación,2018,UNIVERSIDAD DE O'HIGGINS,SOCIOLOGIA CS I,El tratamiento informativo de los inmigrantes en la prensa nacional escrita actual (2015-2019) y su impacto en la opinión pública,Otra universidad
11180217,Maria Grau,Iniciación,2018,PONT. UNIV. CATOLICA DE CHILE,SOCIOLOGIA CS I,Cuidado y crianza entre culturas: saberes y pareceres en las relaciones de cuidado durante la gestación y primera infancia en familias migrantes latinoamericanas en Chile,P. U. Católica de Chile
11180256,Julien Vanhulst,Iniciación,2018,UNIV.CATOLICA DEL MAULE,SOCIOLOGIA CS I,¿sostener lo insustentable o habilitar sociedades sustentables?: los escenarios de transición hacia la sustentabilidad socio-ecológica en Chile,Otra universidad
11180273,Felipe González,Iniciación,2018,UNIV.CENTRAL DE CHILE,SOCIOLOGIA CS I,The politics of fictional expectations. Towards an economic sociology of the public sphere in Chile,Otra universidad
11180287,Maria Fernández,Iniciación,2018,PONT. UNIV. CATOLICA DE CHILE,SOCIOLOGIA CS I,Religiosidad y bienestar subjetivo de las personas mayores en Chile,P. U. Católica de Chile
11180360,Ignacio Madero,Iniciación,2018,PONT. UNIV. CATOLICA DE CHILE,SOCIOLOGIA CS I,Vulnerability among older people in Chile: a life course study of cumulative advantages and disadvantages,P. U. Católica de Chile
11180611,Tomas Undurraga,Iniciación,2018,UNIV.ALBERTO HURTADO,SOCIOLOGIA CS I,Incendios forestales y nuevo régimen climático: interrogando la producción de conocimiento y valorización del medio ambiente en expertos en bosques en el sur de Chile,U. Alberto Hurtado
11180652,Maria Ortega,Iniciación,2018,UNIV.CATOLICA DE LA STMA. CONCEPCION,SOCIOLOGIA CS I,Convergencias y divergencias entre las trayectorias de vida y las trayectorias de intervención en las programas especializados en explotación sexual comercial de niñas niños y adolescentes,Otra universidad
11180663,Laura Lara,Iniciación,2018,UNIV.AUTONOMA DE CHILE,SOCIOLOGIA CS I,Violencia en las relaciones de pareja joven: nuevas tecnologías de la comunicación y creencias distorsionadas sobre el amor y la violencia,Otra universidad
11180780,Gloria Mora,Iniciación,2018,UNIV.CATOLICA DE TEMUCO,SOCIOLOGIA CS I,"""Las que tienen hijos chicos no pueden ir a trabajar"": la organización social del cuidado como condición de la participación de mujeres en asociaciones productivas rurales de la Araucanía",U. Católica de Temuco
11180890,Sofia Donoso,Iniciación,2018,UNIV.DE CHILE,SOCIOLOGIA CS I,Partidos-movimiento en acción: el caso del frente amplio en Chile,U. de Chile
11180916,Macarena Peña Y Lillo,Iniciación,2018,UNIV.DIEGO PORTALES,SOCIOLOGIA CS I,Entornos de información de salud y su impacto en la adopción y mantención de comportamientos saludables,U. Diego Portales
11181223,Jorge Atria,Iniciación,2018,UNIV.DIEGO PORTALES,SOCIOLOGIA CS I,Cultura tributaria: conocimiento y moral en el pago de impuestos en la sociedad chilena,U. Diego Portales
11181254,Magdalena Saldaña,Iniciación,2018,PONT. UNIV. CATOLICA DE CHILE,SOCIOLOGIA CS I,Descripción y análisis de la incivilidad y deliberación presentes en comentarios de noticias online: el caso de Radio Bío Bío,P. U. Católica de Chile
11190123,Fabiola Miranda,Iniciación,2019,UNIV.ALBERTO HURTADO,SOCIOLOGIA CS I,Nuevos repertorios de la acción pública: profesionales psicosociales en el contexto de la reforma a la justicia familiar y penal en Chile,U. Alberto Hurtado
11190192,Claudio Broitman,Iniciación,2019,UNIV.DE SANTIAGO DE CHILE,SOCIOLOGIA CS I,Ni en los medios ni en los journals: sobre cómo los saberes y las sensibilidades de los habitantes de las controversias socio-técnicas son invisibilizados y la posibilidad de reconocer su aporte,U. Santiago de Chile
11190195,Enrique Baleriola,Iniciación,2019,PONT. UNIV. CATOLICA DE VALPARAISO,SOCIOLOGIA CS I,Participación de no expertos en políticas públicas. El caso de los servicios locales de educación,U. Católica de Valparaíso
11190211,Nicolas Angelcos,Iniciación,2019,UNIV.ANDRES BELLO,SOCIOLOGIA CS I,¿Del protagonismo a la abstención? Estudio sobre participación política en barrios populares del gran Santiago,U. Andrés Bello
11190229,Pablo Perez,Iniciación,2019,UNIV.ALBERTO HURTADO,SOCIOLOGIA CS I,Determinantes institucionales y políticos del conflicto entre empresarios y trabajadores: los casos de argentina y Chile en perspectiva comparada,U. Alberto Hurtado
11190285,Sebastián Rojas,Iniciación,2019,PONT. UNIV. CATOLICA DE CHILE,SOCIOLOGIA CS I,"Micropolitics of care: logics, practices, and engagements related to mental health diagnoses and special educational needs in chilean schools",P. U. Católica de Chile
11190286,Margarita Bernales,Iniciación,2019,PONT. UNIV. CATOLICA DE CHILE,SOCIOLOGIA CS I,Masculinidades jóvenes y salud en el contexto actual del aumento del VIH en Chile,P. U. Católica de Chile
11190458,Cristian Leyton,Iniciación,2019,PONT. UNIV. CATOLICA DE CHILE,SOCIOLOGIA CS I,Traducción en la implementación de políticas sociales. El rol clave de los equipos locales,P. U. Católica de Chile
11190483,Gabriela Azocar,Iniciación,2019,UNIV.ALBERTO HURTADO,SOCIOLOGIA CS I,"Gobernanza adaptativa ante mega incendios forestales: el caso del sistema socioecológico de Empedrado, Cauquenes, Constitución y San Javier",U. Alberto Hurtado
11190508,Daniel Miranda,Iniciación,2019,PONT. UNIV. CATOLICA DE CHILE,SOCIOLOGIA CS I,Ciudadanía juvenil: entre la reproducción social y la socialización política,P. U. Católica de Chile
11190714,Matthieu Vernier,Iniciación,2019,UNIV.AUSTRAL DE CHILE,SOCIOLOGIA CS I,Sophia 2.0: robust methods based on computational linguistics and machine learning to analyze media pluralism,U. Austral de Chile
11190770,Carolina Pinto,Iniciación,2019,UNIVERSIDAD VIÑA DEL MAR,SOCIOLOGIA CS I,La sociedad civil migrante. Un estudio sociológico y feminista desde las ciudades de Valparaíso y Arica,Otra universidad
11190870,Simón Escoffier,Iniciación,2019,UNIV.AUTONOMA DE CHILE,SOCIOLOGIA CS I,Explaining clientelism in underprivileged Chile,Otra universidad
11191019,Cristian Montenegro,Iniciación,2019,PONT. UNIV. CATOLICA DE CHILE,SOCIOLOGIA CS I,"Re-contextualizando la desinstitucionalización psiquiátrica en Chile: procesos y tensiones locales, vínculos globales, y oportunidades de avance",P. U. Católica de Chile
11191046,Ana Condeza,Iniciación,2019,PONT. UNIV. CATOLICA DE CHILE,SOCIOLOGIA CS I,"La construcción mediática de la infancia: una aproximación desde lo informativo, lo publicitario y lo institucional",P. U. Católica de Chile
11191209,Paulina Chávez,Iniciación,2019,UNIV.DE CHILE,SOCIOLOGIA CS I,El problema de la autoridad desde la perspectiva de los niños(as): análisis crítico del discurso de niños y niñas de tres estratos socioeconómicos de Santiago de Chile sobre las relaciones de autoridad con el mundo adulto,U. de Chile